,decision_id,defualt_prediction
0,7a74c817-f036-4214-ade0-e5bfa07fd0fc,0.0
1,7ba155b6-ce2c-432e-a717-163acd6306da,0.0
2,831a2f46-dbb4-47a9-9f3b-91ff7d0214d2,0.0
3,d4ec4849-b80e-49e9-a8a5-0e17f7d96c02,0.0
4,e67c5ff3-3751-40d4-b621-4987df98ce1b,0.0
5,ec51d141-20b2-4509-92ac-78343d7fc9cf,0.0
6,6bf596a0-e94e-4274-8b5d-216d0a54a877,0.0
7,7db3edf4-dd14-4eaa-aaf9-78e4f919f73c,0.0
8,dfb5fd20-2924-4cb6-82cb-399cb09deaf1,0.0
9,e3f8bbb3-66dd-4656-b293-22d60984546c,0.0
10,fbd51e45-0d90-43db-8a42-ca940dc49b3b,0.0
11,5706805b-c3f1-476b-ac8e-2684952dc6c5,0.0
12,5a2fef1e-3860-4016-a847-702cde317ebb,0.0
13,6bcf8945-4a97-46b3-ac25-c8bb9b1fc26d,0.0
14,8bfb186d-c75d-46e4-859a-4bed1dcd3089,0.0
15,94f075b5-ae6a-4441-b429-fa634dbcef0e,0.0
16,9f349898-58e5-4bd9-9886-e6835d573fe7,0.0
17,ad251bba-87d8-4d9e-b331-9819b7226925,0.0
18,d1964550-a4fb-4a17-8a31-27afbc0308b9,0.0
19,f3e75ec5-4c07-462f-b228-1dc93861a01c,0.0
20,3b4568c7-10b4-49fd-815a-5ef0c9fd847e,0.0
21,3fdfd996-e3e4-4539-8b1c-2f5ee9166b5f,0.0
22,7e9a8251-3396-4a9d-b457-a1ce7afec1da,0.0
23,95589be8-4f58-4cf6-adf4-92ce24ebdd90,0.0
24,c08001d0-de3d-446f-9d9a-42046ef4b5df,0.0
25,c4638646-9ff5-4a52-a989-c09810203fea,0.0
26,ce60130b-08e2-4dc0-834f-c2a1acfad906,0.0
27,da9043a9-a2eb-4f83-985d-af5fbb379c22,0.0
28,2ac33f51-9c36-4fce-9071-62874e376a0d,0.0
29,3030502f-c1e9-4c06-8d98-8ea74d425545,1.0
30,403064bc-30f6-48e3-83b6-160c2ef6a7d8,0.0
31,49944fef-42c2-45f7-b8e9-8caa600476d2,0.0
32,a7c1b8ea-d5be-45a9-b050-d7ff0c066cf2,0.0
33,e4116032-8ea4-43bc-a74d-65cfb942b5a7,0.0
34,e515ea52-d166-4559-a663-933bf55728a1,0.0
35,e866b218-4055-4167-bc78-6d3d3bc7e659,0.0
36,fe1e27f3-6014-4f49-bf70-2f2e5624195c,0.0
37,05bc1c41-8ea1-4d6f-9824-abaef76b9480,0.0
38,510df2c5-fe13-4c28-9aa6-4e4f0dffd661,0.0
39,674965fe-a088-48d1-a2b8-5c93f75d0be1,0.0
40,73f73196-cb87-49f9-90ba-4ffda6f597a3,0.0
41,9bea5782-1093-48e5-923d-cd0e32d2a194,0.0
42,fbfe1cf2-6c9e-4ea7-b39a-244616ad008e,0.0
43,67f6acb4-bd4c-4415-8a40-8e68539eae06,0.0
44,73f41313-bb0b-4ea4-bc2d-f9d60356c3e1,0.0
45,c129b26f-dc27-44b9-bfe3-ef7c31a9c832,0.0
46,c2fb9fb7-dd62-480b-87a5-8c9b435ecc64,0.0
47,cdd6835a-bbc6-4a2c-9c0f-9dba364d7eff,0.0
48,cf7d7203-e457-4317-88f0-216807d1292a,0.0
49,cf820b59-76b4-4cd4-ad6d-889490633ebe,0.0
50,ff7d1739-5df9-45d7-a2eb-05b1ef3e4588,0.0
51,1967f14f-9721-4552-a959-33f5f02a05b4,0.0
52,1e218707-f358-473f-a821-773ffca024aa,0.0
53,44fef966-50e2-4a7d-8a92-a615bd17267c,0.0
54,9ea75d5a-64cf-41d7-a346-0d33d3c42f2f,0.0
55,b419d4ba-0da3-4f7e-8e89-e4d82ea3d43b,0.0
56,cc623c88-ae6d-4659-ba0c-ea64df99a6f9,0.0
57,fe93d1ae-d7c7-417f-ac80-983ab871aec8,0.0
58,5ff34ec8-c46b-4209-ad34-a3d4861b131f,0.0
59,827a92ca-537d-4464-ab3c-2e4d086a6fd5,0.0
60,9134a349-858b-4334-bd8b-7fd77c743201,0.0
61,03cc4f00-307d-4ed9-bb09-3f8d40e2cf94,0.0
62,25fd9f24-88cc-49bf-93e2-13f4b7713bd5,0.0
63,27ab3db3-e6d0-4986-a46e-c2b42c69fb74,0.0
64,4808d173-684d-4f70-a9de-78172a8bfb40,0.0
65,a1987886-c0f2-4eb3-af70-b0d34f8af3c3,0.0
66,bbae6ea3-95bc-4de8-98f0-c1b5773a39bf,0.0
67,ccd79dd3-c6fb-4752-9575-dde5f11f7b14,0.0
68,a5206cf0-8f52-4966-8646-a86b216e12f0,0.0
69,c2f3424f-b519-4ca1-b16b-24903b3cb7fb,0.0
70,de5a5267-0542-4927-a5e3-044fb1701647,0.0
71,e284ee76-0ec9-48b4-bf90-6a05c5abccf1,0.0
72,fc65e067-ed5f-4b0a-9a56-067d5ceedc15,0.0
73,fd9cd350-f916-4b22-a238-b7b70bf84bf4,0.0
74,40cc697b-3fae-4af1-a963-d9a4d57b5628,0.0
75,4a810726-d571-4982-8ed9-eaa0eebe966a,0.0
76,4eff1253-b3a0-4fe2-bda5-1b715e23e988,0.0
77,55a67129-1120-4b6f-809a-698214c1a46b,0.0
78,65f0543b-18f1-4ea6-9a6a-3a2e1e48fc5b,0.0
79,75365004-8a8a-43b6-a8e4-592afbeaf33a,0.0
80,80c929d8-1771-486b-9e7d-98731bcd928a,0.0
81,bd386d38-065a-4991-861e-ac3c264587db,0.0
82,cab6ee61-3a6f-4a02-b954-14e78c6cb954,0.0
83,d4adbdba-5700-4d23-95e4-cef17427c1bd,0.0
84,e7ec160d-3635-4870-a652-0f5467da21b7,0.0
85,eec5ec4f-8942-48a6-a469-2a41ef9e90f3,0.0
86,ef31f64d-9137-4ff6-b814-7c4344a86300,0.0
87,08ec55c4-a999-4794-8b61-a5efc03b6399,0.0
88,1de588b8-5e17-47c2-9a53-63e9b7ea5da8,0.0
89,208b3562-c8d7-440a-a12c-9eadcb1d2dec,0.0
90,8c7f993d-86ab-42e9-88d5-1a1c2303c979,0.0
91,9bf3e6dd-225c-4c6a-9971-6b502eb9cebb,0.0
92,b3e277cb-e5eb-4343-b4e6-4f09f9e9a9a2,0.0
93,235087d9-042a-4e33-a718-3e4ec22e4575,0.0
94,af750b26-d41f-459f-816f-72621dcb543b,0.0
95,bed141d2-57f3-40ab-a53c-8e07f384e5f2,1.0
96,30116b09-ed57-4bb4-bfc0-57150bd299f1,0.0
97,4906036c-5f1f-49fd-b3f4-0bbcea8cbc31,0.0
98,67cc0e91-faa0-43ea-bd0a-a5158d220c76,0.0
99,74ce8557-14f1-4060-b83f-7a855af339bd,0.0
100,96395241-6840-4a1c-bb87-989ea1b14d10,0.0
101,a1fe25d1-81dc-46f7-98a3-15c7a5d2dce5,0.0
102,c6bcc0b4-030a-4cfd-ae76-23c3a833f346,0.0
103,e30ebea4-e274-4dfc-baa9-036b3a54e673,0.0
104,ed7780ae-5136-43ab-96f2-ff76503b1be9,0.0
105,06df1ca3-0e5e-4375-98ba-29f85298ec7c,0.0
106,2ec5cd81-86d9-45fb-809c-bd01a6109856,0.0
107,5338efe6-ad55-474f-92d8-4b9cc553229c,0.0
108,53d3832d-889e-49f2-9f50-488321b4b874,0.0
109,5896a560-35d4-4f31-8b13-5f5942aadde3,0.0
110,5dcb0d77-5e70-4e56-935b-bd446789b617,0.0
111,72d04766-c0ae-443d-a699-9df6ba98f1ae,0.0
112,7eec2a95-a5ff-4265-9334-c92992794954,0.0
113,b4d2861f-75fe-49a2-a385-b295af875d7f,0.0
114,e4eedc9e-6bae-4830-9296-1c849ea5e228,0.0
115,9cbf8f3d-4498-40cb-9182-8c2400364929,0.0
116,c0b4b79f-c925-4427-8015-d3ca511e03af,0.0
117,0d64f7f1-e4da-4e3c-b062-558af8804c58,0.0
118,0f5f7245-4c75-4ddc-bfbd-1ac325c44779,0.0
119,13b81483-7c90-4fbf-8362-ff410888381a,0.0
120,569c9b48-6278-4854-847b-dc9917bd16a8,0.0
121,76e3aeb4-2a16-4fbc-8a73-a90f406bdf39,1.0
122,f1f64cd3-3e12-4bae-9fd5-626ee37e73d9,0.0
123,63eadcc7-6e69-42b9-8193-2fa7066f7ca2,0.0
124,8069aacd-2b42-4837-a8db-ee0b7747e350,0.0
125,85bbde62-4534-4b1a-a3f8-2fba58e662fe,0.0
126,8aaae066-d32e-4131-9b61-1c5099aef29a,0.0
127,913433af-40d0-4341-8cf9-a3f0d7f5f101,0.0
128,9425bbbd-e0c0-4c1f-8e47-132954825650,0.0
129,a96fda34-a359-4c43-ae4a-a2b830ca1093,0.0
130,aec6d413-0b62-48b6-b0bf-5e2dd337b3a2,0.0
131,bf57a458-9604-4b5e-b647-12716847b21a,0.0
132,f9ba2371-0d96-4c74-ad38-b2f25bedba9e,0.0
133,104366ba-72db-40e1-a942-4820c2419703,0.0
134,1c88ab2c-8544-4094-8083-4b9e30a33d03,1.0
135,25913734-aa4d-49e9-a7bf-510c03b9b0cc,0.0
136,bdc63a64-3369-4b96-af5c-515f06f22340,0.0
137,bf56aa18-27a8-4760-9f12-26224368f7e2,0.0
138,d7c40e54-98cd-4369-aefe-fc58966a5f9c,0.0
139,069a444d-2704-4069-bed6-f062d2557935,0.0
140,0a75c1ca-d061-4af5-9f5f-dcd7f50b4823,1.0
141,1422166b-cd4f-450e-ba39-167cd494e5a2,0.0
142,b531496f-303d-414d-b273-ca7f03ddf090,0.0
143,ea5be120-0052-4e5d-a07d-85d2773a1593,0.0
144,f68fefac-3b91-4c2b-9bb8-28b06388e6f4,0.0
145,0d5abab8-ada6-4db2-be2e-7373a0aa73ef,0.0
146,2a5ee781-5955-4d93-9e74-72b2d2929579,0.0
147,45bddd54-950b-4ce9-9915-ff8b53f90f31,0.0
148,5213d829-71d7-4e03-ac8e-7e7a654b640d,0.0
149,76e03c77-6384-4c84-92ff-a8bc42438d60,0.0
150,d28120ce-9093-4c6e-ab0c-f84bad59d448,0.0
151,f8e8b2a0-544f-4abb-9f90-6b3dffd7d8a5,0.0
152,ff1c8c96-77d6-4795-a148-15203af25182,0.0
153,ff686ee7-bef1-460e-b536-dc3640516a39,0.0
154,02ed39c9-b8bd-4cb6-918a-62e348524ec4,0.0
155,07873ff0-7007-4799-a542-e610d15741dd,0.0
156,0f26455b-0155-432d-994e-6edae21ad008,0.0
157,28ccebad-ea28-414c-8dde-4d6d6ea39410,0.0
158,38d67ca6-35fb-46c3-9b3d-4ab9e6e0af9b,0.0
159,57762e86-dfbd-4ba4-9aec-4541d750677e,0.0
160,7f45c724-3516-463f-a2f3-989c3bf64123,0.0
161,80101aab-aa5e-48f3-a15d-96d63100199f,0.0
162,b8528323-f840-4f06-9444-cc3c573ae8c7,0.0
163,b94c8ab5-1a6a-4c21-9f43-661fb5a88827,0.0
164,d740a84c-56dc-4812-a668-b3d591a92f26,0.0
165,a0458bac-2874-4cb6-b31a-3286b31d19f2,0.0
166,a8240e15-86d3-4637-808d-4bb251e42728,0.0
167,c8dac67d-e90c-4e72-b74d-f285405c93ac,0.0
168,c9f25976-c2cc-4085-ab0f-62341830594f,0.0
169,ec5a2a3a-ec1c-4b43-a089-41f10ce45889,0.0
170,7699b7c1-1323-4764-9f5c-ec46153b8f8a,0.0
171,c109fd6b-908e-440f-a80e-34fa4b8172b4,0.0
172,edcfc853-42b1-419f-a1cb-93dfff997286,0.0
173,584e9c04-3914-4482-9ab3-6e57e4f7ffa8,0.0
174,7b126672-2992-4c89-a632-107678a59a18,0.0
175,93111ddc-2a11-429a-bb92-28113df9adb2,0.0
176,f2b61b44-34d0-4b08-a8ca-f3c93d8f1b1b,0.0
177,1f3194c7-52b9-4ad0-a899-54b65b1b5051,0.0
178,5d752d07-0fab-43e1-832a-7911c930df9c,0.0
179,944a3d8b-da69-4600-b47a-512a0965aab6,0.0
180,c0d638f1-0e1a-421a-82d5-746e5a75c438,0.0
181,f8ddce94-0ec9-45c2-9d5f-c7d846e3c6e5,0.0
182,30df8b0c-6879-4e89-b223-634184f603e6,0.0
183,5138e0ed-dca0-4b44-952d-b820c10676bb,0.0
184,a6e0b6c7-5566-4b82-8c8e-f1934e469a76,0.0
185,f07f5aaa-c368-48ef-ab07-b98f5ebc39e6,0.0
186,f613e39e-47c5-43fd-bae3-506b05716c83,0.0
187,03a0f7a0-2577-40c8-92d4-9590b8d2e976,0.0
188,23a1d2ca-09a3-447c-8b25-eff01ff37244,0.0
189,270fbb2d-5c93-43f4-8ea5-0bd77073669a,0.0
190,2d4d8049-c2b9-478a-85b0-5fc778dda88b,0.0
191,767594a9-e03a-4943-b29f-adef69e36a14,0.0
192,84128cb8-a331-40d7-a21f-1e8488492ee6,0.0
193,8572f794-c2e3-45b0-8843-ea6780536ded,0.0
194,a39589d1-58b5-4c54-9b24-b98e756c6e11,0.0
195,ff0d180a-bf48-4c7b-a206-3a9c5b451b84,0.0
196,1a06002b-46c2-4a17-87c0-953eaba3b59f,0.0
197,85ced186-c72d-43dd-888f-b9f85017bf54,0.0
198,8e21cc84-1a87-4401-97e6-544915dcf9ae,0.0
199,9adcf714-2470-4b95-ae50-8a0a3cf84e08,0.0
200,a7e5ec42-6085-4883-ab6c-70a53e8274a5,0.0
201,a8970d6c-5908-4019-917c-fe9509c31b60,0.0
202,c6b695d7-1b11-441c-87f2-f04ceb828b24,0.0
203,291120c5-311c-458f-9266-c60df4b8e87f,0.0
204,423bfd84-3800-414e-84d2-da68b3fe3d4a,0.0
205,82d70cc7-bbd4-495e-af07-93526e1d7755,0.0
206,b177b7b8-b274-4e64-b46a-70dce226ceba,0.0
207,d0e06d1e-5d27-40d7-9223-6dbda05de4a9,0.0
208,f96783f1-2ca2-44ad-bd95-bbca8aabdc53,0.0
209,0afd8ffe-fb75-4ae9-9088-86954e532608,0.0
210,237b33b5-d196-4178-aae8-72de85f85b1c,0.0
211,2c1ba5c7-2f37-4ac0-b376-c4751a81cdb0,0.0
212,2e245d0d-84a7-4905-b1dc-c04e4c84ff1e,0.0
213,5f0f650a-5f99-41cb-99e3-6c69b4223f43,0.0
214,7d75ffb8-131f-4a4b-ad58-ad15107c453f,0.0
215,9d511a5f-5f4a-4ab4-a647-866cebbf96ae,0.0
216,fe2a25f7-faf3-4752-b946-9b647dff76b7,0.0
217,02577a37-33cc-4d10-a4fa-d80c285d0e0a,0.0
218,1fcfb1e7-9120-4027-aab3-2fe3ff06b4d1,0.0
219,5f752e53-d96f-49a1-907a-687262ca7699,1.0
220,6e8c010e-c19c-4617-915c-13f83e3b4c29,0.0
221,9bc2e078-a855-48c9-8738-26b12b4e6aea,0.0
222,b063a440-c0d5-4deb-b33b-b3543b398d8e,0.0
223,c80d0eb4-92eb-421a-9132-b068fc952d0e,0.0
224,d2f153ae-5370-4677-b73f-a3a65d8940e7,0.0
225,139bbfac-c549-4839-930c-c30c22643d4a,0.0
226,2d62b181-b531-43b0-a02b-dafb5a6db371,0.0
227,5f1ada32-f086-4dd4-b747-39e65bc64ecc,0.0
228,7f5c9388-7a20-4005-8589-3f9bb10dbd40,0.0
229,8b670ae5-3f7d-4c67-bfc1-8f29c7c68fb0,0.0
230,b3bc9d11-bc42-46d1-9355-6c3779bf7d88,0.0
231,c706c4b8-4639-4f7e-bdc5-42237c09d866,0.0
232,d3ea456c-c101-40c8-9254-fb0e7efa6b31,0.0
233,ff762b8d-7ca9-448e-beeb-7bbe10551c51,0.0
234,2112bb18-aa60-4642-b3a7-777ef849ec0f,0.0
235,44f88dfc-9fc4-4bd0-ad14-6bd14c3b5fde,0.0
236,4e85ad43-d1e7-4432-af19-1adb63e179a9,0.0
237,574cb9b7-49a8-46bd-97f8-d0f1b6a561e5,0.0
238,759ecb2d-5f21-4d2e-acea-2874f12119b2,0.0
239,7e57b2d3-3c4f-4428-8ace-ea14a806892d,0.0
240,8f10f5c8-5bc4-418e-8c08-2b187cc952eb,0.0
241,be597857-c9a5-46ea-b996-fb0dd502b9ea,0.0
242,09591d07-fcb8-4c6f-9018-8cba0ee8de98,0.0
243,0aa08711-9922-48ee-8d71-d38b9d334623,0.0
244,0ae53f1c-c4ae-4783-9529-8f88d0fa6e32,0.0
245,2dafdc4e-d4f2-4416-abeb-584e0c08e746,0.0
246,395c09c7-39dc-43fe-9f1d-5ded5d0a21b6,1.0
247,4f41c658-924f-43e5-83e0-d5cefcc87913,0.0
248,78dc6e7d-11fd-40a4-9047-d86b8be02363,0.0
249,7bba5a0f-3eb8-4a9f-9767-05059297a02b,0.0
250,d38da548-2163-459c-87d2-f768cccddb3a,0.0
251,da1214df-3d98-4365-800a-78cd6387af11,0.0
252,329418a8-3e91-42e9-a2f9-e10b094a0e35,0.0
253,3518e234-5edf-4155-9347-0571497a3087,0.0
254,7c69e615-9b86-4b09-9fd0-57cc4c13c7dc,0.0
255,7c8d7444-be94-4707-8eef-93144fd90025,0.0
256,84f7a65f-df56-48f8-9c92-e73e77a086b3,0.0
257,a35eeb26-6575-4ae1-b4c3-85f281ad760d,0.0
258,e4670eff-5556-4dec-97e3-4925f4ccb345,0.0
259,f275c379-d985-4509-a017-e980b13e4b70,0.0
260,163698bc-5ede-461d-b5dc-c361b7e21503,0.0
261,217fd024-50da-4899-a801-3cfd3109614e,0.0
262,5ace38c6-167e-4530-a797-2fb292130678,0.0
263,734446b9-2447-4712-b488-94ff8515795e,0.0
264,c655d7f8-dfb8-49e0-b36b-d49f38f212df,0.0
265,1193fb0d-2e93-4706-8c39-a9c991eb5d45,0.0
266,27f229a1-2ff4-4e4d-83da-7ce3cb006618,0.0
267,3e86e565-c8e6-4cfb-ab3b-d90d63b0ea42,0.0
268,4077f7c1-2eec-45ae-b025-463177579bee,0.0
269,5165ba66-6b95-4df6-a6b3-6fade23ae750,0.0
270,9bdb5ea1-39cd-4a25-8f63-8931dbbd74e2,0.0
271,9d5ac0ae-d921-42df-99cc-70d2993726b1,0.0
272,c6d17eb2-f5dd-44a0-8584-ab10d938f9df,0.0
273,1002c414-e172-4616-860e-6ff8e3bff1df,0.0
274,1870d466-9847-4c58-a3a9-9c2151ab3256,0.0
275,40068073-1bbb-4fbf-9f96-4a728e8490e1,0.0
276,6d8ae305-81d5-43b1-93d6-a2df64eaba45,0.0
277,7b67ae1e-62e0-477b-9f7e-48d144d42ee1,0.0
278,7d4fa5ff-0290-40a3-870a-0dbf692740bd,0.0
279,8e72d508-c7dc-4495-a2d9-01910658d4d2,0.0
280,9b084dc6-10a6-4a7f-b7af-1b0c6a088dde,0.0
281,ca5b3f9f-8b76-4d0f-8d68-a13042d843ca,0.0
282,dc6a0ada-36b7-442d-8ec5-5234a1a901f9,0.0
283,e60188b6-277c-4b6c-a295-e6e78d345416,0.0
284,25b40b87-b02d-4a2b-bc38-67067652432e,0.0
285,db8525a6-43e1-4d3b-a347-b40391a58521,0.0
286,ec1263d9-0651-46b2-9738-6397dd61830f,0.0
287,406bef40-a0e6-4983-9327-903ec59ea185,1.0
288,62c5cd67-870a-4265-8632-fa33f255614f,0.0
289,749d7c23-95a6-4551-be41-d0e235165fc3,0.0
290,829efa53-e420-420e-a45d-164b6eea58e0,0.0
291,89c70f51-796d-4fa6-bc35-8dec284bd41b,0.0
292,c7b0093b-6431-4a16-a4de-0f4164af6aac,0.0
293,eab03c1f-5ba2-4d96-9ea8-3cee93316677,0.0
294,f9b3db58-2c92-4811-b2d4-c1e7e8460003,0.0
295,fa5ab90b-5a63-4eaa-bf38-80a0d367b2c0,0.0
296,2c467b54-b2a1-48c5-b19a-870bf67e3112,0.0
297,7514aa54-0c38-424a-be18-dbc196314451,0.0
298,bcd33d23-6da4-414e-bca4-8f9d78f47068,0.0
299,e0823d86-3728-4511-ae39-be95f80219f7,0.0
300,3b4d5057-846a-4017-bc73-5dd211e366f1,0.0
301,3d576664-c261-4e2e-aeb5-ca810bcf9de2,0.0
302,4e54aaea-dfd2-4692-9c81-d4b35b1ccf0d,1.0
303,a4da0f57-5e7e-4419-8b72-04ac31221d9a,0.0
304,a4eb35ec-ee36-47e4-a658-16c2eb5f5981,0.0
305,a7e9ff0d-fbab-4d8b-b69c-27a0c91faa61,0.0
306,243cd209-b8aa-4e4e-aab9-e1cc69757bae,0.0
307,4d8d4c37-2b91-4b81-b0c2-a0ecb677118a,0.0
308,7d59cb17-fa47-49e3-9af9-792a58ae6c2d,0.0
309,858693b5-db7e-4dd3-b5d3-8e5f8dff620c,0.0
310,ab32804f-c8ac-49a7-8396-e34c0349b8ed,0.0
311,aca13369-c299-44f6-a6a0-8ad0801e92ce,0.0
312,c8978964-11e8-4dd7-ad7d-90cc9a5e6b4b,0.0
313,cc33cea4-764d-49bb-96e7-1cb7ee48aee0,0.0
314,ebf60743-057d-4e90-a4c9-c38ba4f943f7,1.0
315,fe1706bc-e505-4ee4-ae9d-54906442faf6,0.0
316,06e1b229-274a-42ec-975e-685e51dd5ec3,0.0
317,3c4c4d0c-5cc3-4d01-8078-cbb10eda9f50,0.0
318,576e25ae-5536-4e50-8586-8474de3059be,0.0
319,60ab12c1-6de5-4aec-b2ba-9fcde490abd7,0.0
320,9668ee73-aaf5-4da2-8f4a-52f9c4f10c6b,0.0
321,bf264dc4-d26b-4448-a508-7207ed3d3539,0.0
322,07c30b38-052f-40cf-a396-d3f016889a30,1.0
323,2f7f88e4-30ac-4896-bf12-990305c037f6,0.0
324,40a561e5-e7b6-4eb4-9392-8c8533ad83b4,0.0
325,8928b6cc-ca91-4b1f-9da6-1f092218c121,0.0
326,d4f9df88-521a-4489-8344-91c720c0494d,0.0
327,f3d670fd-ca5a-45dd-971a-e8656e9d2e1c,0.0
328,6f3de373-f369-4dcd-a988-9366d7f434d7,0.0
329,8a755c35-6bf5-4c87-b066-baf9b0d098c7,0.0
330,a9536393-5d7f-4e39-906a-f628b5d09503,0.0
331,db152968-ed8a-4680-87b9-277a274d8c6f,1.0
332,ddb36d7b-a95f-43cf-b85d-eb0f22d5ec69,0.0
333,e8a570fb-e934-4ea6-8091-ff344c4f6751,0.0
334,4149f678-827d-4d18-986a-3c8dd15e8ba0,0.0
335,465aef56-3ccd-4e5d-a5cd-c1c84dc06961,0.0
336,49a14484-add4-411b-85b4-a26378a0fd3f,0.0
337,599e881e-4b84-4a45-ac12-f2c30f801982,0.0
338,854f575d-9248-495d-872e-4d5a7adea227,0.0
339,ab366434-e232-42a9-ad53-ae68eb5e2952,0.0
340,abf6befb-3a7c-4008-8e9e-1b14c0d83cb4,0.0
341,d3ee123f-b6e3-40db-a486-3537953bc49f,0.0
342,d830c5c1-5efa-4c91-a910-92137af84a27,0.0
343,009fa207-f50f-4bd7-b7e4-3b3a86ed8979,0.0
344,5fc39677-c66a-4548-9179-381f4448ee02,0.0
345,73f7e1f4-8149-4a54-8e22-79a8d67e4951,0.0
346,1494fae6-eb34-4cc5-8cb2-05e96ceef767,0.0
347,2a7562fb-8372-42d0-907c-3538049d0777,0.0
348,75d2a3e4-2b75-4a34-9d01-2cb16a362782,0.0
349,a6278890-da0e-443a-96cf-86c76751e18d,0.0
350,b964ce1b-b2c0-4574-92f0-71ce373308ac,0.0
351,264a256a-1464-48f4-b4f7-fdbf5b525cfd,0.0
352,322b5d92-69a5-45e8-b298-7609ea32ae33,0.0
353,49bf27ef-acee-4fbb-946c-ed472152f55b,0.0
354,5f48e9b4-e2a5-40cb-8cfe-9e674b533126,0.0
355,74e80da8-97c0-42f9-b151-b1bc599a25e9,0.0
356,aafaa4bb-5986-48a3-92a4-b5b4c486f2ea,0.0
357,cabde6db-6a08-42e4-abda-fc512c950d21,0.0
358,caf53233-260e-4f9b-a013-974ed4f437ce,0.0
359,e334882f-caf8-405c-8110-826b071b05c8,0.0
360,ed7bf453-c2d8-420e-945e-2f95a1f9cab1,0.0
361,5d7ad0d0-0470-4be8-b775-4edf31d7bb4e,0.0
362,748afaad-4d14-4d4a-affa-60344e3a70e1,0.0
363,a2e4c43a-6fb2-45e5-a5a4-2cd70791b67b,0.0
364,b0d29193-b948-4053-a8f7-19522df97de2,0.0
365,b419015c-4144-4398-97fe-e9f025888cde,1.0
366,d0f3ece0-11bc-4910-b22c-fb04606f4f9e,0.0
367,defb8df1-05c5-4056-8899-b6a89ba7be07,0.0
368,11c0d133-9199-4f14-ba13-963a0634d721,0.0
369,5267b255-3d0f-429c-9916-0a6a25a0059c,0.0
370,872bf6a0-84a8-403d-b479-e0d2a702b642,0.0
371,9bfcd1d7-b84b-4820-8189-e1bf504aef2b,0.0
372,efcd4665-bfb0-44ca-acb1-88b385892f2c,0.0
373,fedffa9b-051d-4c10-ac8d-35b7fc9cd643,0.0
374,622610f1-ae40-4e36-bb7d-80ec231c9f47,0.0
375,d2069bfe-0d23-467c-a2d7-6c2d76346621,0.0
376,05896ca1-e922-4a48-9421-8e013724d901,0.0
377,0fb977ee-9b6c-4944-aef7-4fbcae5fbc6c,0.0
378,2e75031f-2d27-4c0a-b466-445b75e15d73,0.0
379,33444b3c-9b47-436c-a89e-67a837dde4e3,0.0
380,8303bd6f-d6ef-46c3-9731-c8398e95e3b8,0.0
381,97a05fd0-e3ae-4a2a-899b-38eb2827813a,0.0
382,9c27ce28-b708-41c9-a93b-95a8f47eec2e,0.0
383,0195f2e5-6fd1-40eb-aa21-a2442cfa6484,0.0
384,c8e7a4bc-21d2-48cb-947c-1f22dc086758,0.0
385,da387b78-4195-49de-8832-cf4a452169c1,0.0
386,dbbd3f65-1f80-462d-9844-a25022a94ca6,0.0
387,ed70ed3b-a236-4fb6-a520-ddcf5584acae,0.0
388,0f5f289f-c39b-4988-ab91-4ce41b929f30,0.0
389,141d24f3-28ee-4aad-903f-aac4352c15b1,0.0
390,3f883f46-4203-431a-9aaf-03132ffcfff6,0.0
391,6875bc86-93aa-472a-a102-07261cd6e162,0.0
392,694bdd6b-bef0-4248-af18-ffd43236aad6,0.0
393,9019302f-7203-4345-a151-41fbcd0dbb6f,0.0
394,a2cb9d85-ff27-4247-9926-703ba3c0ae65,0.0
395,110727f6-0361-41e8-a03e-4ea8aa55d4c5,0.0
396,2596b44a-6768-4a41-b6c2-deb1c4532476,0.0
397,2ce243dc-9437-45df-91a1-8506e762e3c7,0.0
398,2d02bd5d-b373-4c77-998e-4c4e4276ea6c,0.0
399,2f7e7d8c-c6d8-40a1-9017-b0d5e6a0b174,0.0
400,37e87729-51f6-4a18-8cca-156dc60ff6a6,0.0
401,68838acb-0a8e-4819-a869-6da94302685b,0.0
402,912a69f2-b86c-4142-8aee-66291cfb7d45,0.0
403,cf86f6a6-b015-4522-8db8-cc1eacd862b8,0.0
404,e0fbb528-2e10-4dd2-994f-4ea42ad21656,0.0
405,fca6b174-7df8-4eaf-90a3-e1b22a83aaec,0.0
406,01822cff-b9c8-49b9-8c25-e856c4af4926,0.0
407,11987688-51d9-460f-9cc1-bcbc15ce317d,0.0
408,18de0d9e-02dc-41e7-9e76-44dbb0a76605,0.0
409,1ba9ac94-0b5c-4bcc-b5be-b47b076dfd5d,0.0
410,6125e0e4-53ed-4433-87cc-2c137f6e3ada,0.0
411,a50ac3ca-172c-4a6e-a0f3-e4477b1b80ad,0.0
412,b7cd4684-73f8-4250-b5f5-489f57203436,0.0
413,c0541ed7-aced-4abf-b7d3-562849ce1d6d,0.0
414,dbc1fd0a-0939-4e2f-bfc7-a3ca79ccf6a8,0.0
415,e0139804-211d-46d6-85f4-04252ca7d31e,0.0
416,e9536a4d-c3cc-4cfc-acec-d4e744043297,0.0
417,0c174e67-cdbf-4d22-94c6-63fd10e8dd6f,0.0
418,1c4aa6a8-42c1-42c5-96d5-ab3255ee3dee,0.0
419,88cb299a-08a3-42a0-a247-f110b446d441,0.0
420,92ad95fc-8f46-446c-b345-338b1e167c01,0.0
421,a0daa5dc-479a-45b3-bf3f-fe410495d6df,0.0
422,a7ab2e4e-a659-44b0-b00e-228ba825bf62,0.0
423,ac6fc47d-7688-4352-a5fc-b4ade0a46473,0.0
424,c80ee4b9-b819-4470-8eb0-f5c414d7dab1,0.0
425,d6c0776a-7ba9-4b98-82cb-f81d4e56b3c2,0.0
426,eb511ff3-4eeb-49d8-b120-80ef31572755,0.0
427,0c28674f-b3ca-4c1a-a400-afc184f3768f,0.0
428,10430610-7844-4d3c-bd68-f667418524ed,0.0
429,585fa7af-1e5e-455a-9b44-fcb80fc503af,0.0
430,69efe7d3-96b7-4818-9db8-714ff4acb0b3,0.0
431,f20a853d-2564-4699-8153-ea3809893703,0.0
432,f5a60f35-b045-4fdd-961c-9fc384a15338,0.0
433,fe246a51-5b30-4d70-b7df-2ecc04442a3f,0.0
434,10436f5a-5201-4859-9e3d-5248bd56f059,0.0
435,5582ad2d-e06c-469b-926d-d4b8ba4ce9e0,1.0
436,559d3d52-1b5c-4934-b59f-82f80ade4c27,0.0
437,5f60fccd-45aa-4810-ba94-3abdb557b75c,0.0
438,86aef8ac-7868-4d26-9d15-c6426923ec89,0.0
439,e6c8a56b-50cb-4ba3-bc0e-83534d14c0ca,0.0
440,e869a5fe-2a52-40aa-ab51-8d5cb96cc368,0.0
441,ed4feccd-a2b9-4a1c-b581-6cb6308bbbec,0.0
442,1fe08cf1-9229-49c9-a186-3bab9e373584,0.0
443,89f03110-8e85-46c5-a360-7b419ca8832c,0.0
444,ca010086-0705-489f-8ed3-b836d4c9ffc4,1.0
445,30f831a2-7db1-480d-81a1-c76aad541243,0.0
446,5e987baa-6844-45f2-bf5b-ce382513ea48,0.0
447,62271016-8aae-4000-9180-c8604b2dc27f,0.0
448,7ca41240-323b-4e44-ba48-0a0c40b3e853,0.0
449,7ee80195-638f-4008-8422-95d215b0a1a0,0.0
450,87d46aad-2ae7-4683-932e-9e4dc89a9627,0.0
451,bc6e1162-5a8c-4b38-abee-2098a52c9cab,0.0
452,f10aa7f8-780b-436e-bec4-6305bd9c5f39,0.0
453,043269f4-1ad4-492b-a014-e6d52ec7b38d,0.0
454,17a518f3-3c65-4584-b884-6bd14b67a949,0.0
455,20716a0f-e5da-4631-9404-1e7d72fbdb92,0.0
456,20bc2cc5-6c05-4fae-9b11-add0c88de9b5,0.0
457,425351de-47a4-4b0f-89c9-425ec2810f71,0.0
458,701f632c-0b56-4ecc-a298-d2070db21164,0.0
459,79f32698-fe71-4e94-938a-0b2bf8bc72aa,0.0
460,ec4fb2fd-8f06-4b17-abe3-660531aa29d4,0.0
461,49b329f3-ae67-47ea-816a-390cecfdcc2c,0.0
462,4e6c1eec-3c6d-4aba-bd1e-ce3aafb7c84d,0.0
463,a2db6f91-62f1-4a6b-96eb-219b418f87f2,0.0
464,b6fefe53-2ea2-452f-9c49-9bbb32b2aaa7,0.0
465,de4a5c71-8d51-4a23-87d4-07f3c33b565d,0.0
466,f8760e16-a37a-447d-9b8a-763f98c3d69b,0.0
467,fafe7540-2110-4c04-a68d-0f1b40cf2393,0.0
468,062bccac-3362-40ac-872a-23117f25ec5d,0.0
469,184a1aed-491c-4d8a-aaed-e0f3704c5aff,0.0
470,3324abb2-47ce-43cd-a06e-f00fd0e5c426,0.0
471,3568bce0-8e3d-41ed-8dbc-99ca48d444ee,0.0
472,5364cabe-4ee3-4e8e-918b-98e67aa0f35d,0.0
473,a89e0aa4-8289-48cb-be37-0c382ab57d22,0.0
474,a9727df6-e487-4de0-b596-87a6570035a7,0.0
475,69b9777e-2740-45f3-a50c-f49dbd8c1469,0.0
476,ae5ebcfe-42b1-4fca-93ab-90c224b6acfb,0.0
477,f24f93f7-c2c3-46af-8b51-fe1d597bd797,0.0
478,41499585-5992-4d4d-971b-940733d6b409,0.0
479,53f2695d-3ac9-4459-9175-5baf658d37bc,0.0
480,691a39d1-eb34-45cb-9adb-3d753f21d1b7,0.0
481,806c77d6-a33c-4e28-9b04-7426aafeb2cb,0.0
482,9625376f-0ae2-490c-9360-bb922039afe8,0.0
483,a6c46794-9643-4b01-81c8-83ee955b62b5,0.0
484,a8ac3c75-568d-498d-98dd-5cbf67cec2d2,0.0
485,abe4db3b-4f31-4adc-b785-6cdb2edc5d1d,0.0
486,b1f55ab5-ed68-4e52-aef7-8f21c98d3dd2,0.0
487,bce8f905-64b9-42d3-b89c-423fdf5d8455,0.0
488,226db639-e3df-49d6-ba16-7b61b8e77bef,0.0
489,2660cc68-0c4a-482d-8123-949c687bc8b0,1.0
490,2bba2eb4-e5b2-4a2d-b6f8-19519257dd24,0.0
491,4d0287f1-7271-4693-85aa-709559be89b0,0.0
492,6946f7dd-4554-43f1-8b5f-723c9faa5314,0.0
493,92ff53b5-5897-4647-9ee0-62ac6a28ce22,0.0
494,af91aa9b-2b4d-4751-98cb-4aafab3d21a4,0.0
495,e097c3b8-b755-457f-85e2-7ce636476b8f,0.0
496,0c5053f3-5c6e-493e-bd09-31e36a0e655b,0.0
497,1e27ee48-2d8c-4e01-b6e1-b0d37ed17373,0.0
498,402dcc66-67b1-4d5f-8710-16fa1b21191e,0.0
499,4c0427ce-294d-4c11-853d-573e3ac2d24b,0.0
500,503a774e-2660-449c-a050-e6a76f373d75,0.0
501,5c4e849f-4b94-455b-b609-6a83aedbfb5c,0.0
502,73c10065-df21-4c23-9d74-060b6ddf4c61,0.0
503,a8ac3a1a-4375-4e91-9622-d22e9d16bf5b,0.0
504,a9d73b4d-1d31-451c-8fdc-a7023eaf3886,0.0
505,b3230d12-a560-46ef-ae20-e8e943be7861,0.0
506,55a9cee7-8e01-4ce5-8f7c-a5bb7fcbb577,0.0
507,663b5707-1efa-4244-892a-8bc61cf55f01,0.0
508,72ffdcd8-4e60-41d4-b19d-299be409204e,0.0
509,8ff25814-689d-41bc-9601-ad3cc6ff3de1,0.0
510,c0cbd6f8-1c76-4aa1-bdfb-59e1af4535fa,0.0
511,d77bd7f4-fdc4-4170-a0d3-74c03a125b85,0.0
512,d96948ca-ab7c-44d8-bc82-025b9fdccd09,0.0
513,e0d79d76-f8cc-44ea-a1bc-07aff18f6b22,0.0
514,f2316964-3cc2-4333-9e35-e4fc066115cd,0.0
515,16bcd7ef-20f8-4096-8696-132b63d3df1f,0.0
516,1f4365b0-c9a2-43d7-a840-98015a2432ea,0.0
517,41dc216c-845b-4381-824e-c282c3f5b777,0.0
518,466a09fe-8420-447a-8201-afbc43705888,0.0
519,5ab74a97-9812-444f-9906-adfad90fb291,0.0
520,7558cc97-3ae9-46bc-afed-c1e575df82a4,0.0
521,961371c7-9980-4aac-8b02-6200c168b459,0.0
522,a96642ae-3fc5-48d8-9a00-45e3c51962c5,0.0
523,add30891-6796-4dd3-bafa-6559443069ec,0.0
524,cab2d1ab-1b19-4dd3-bdfd-8f66a8d5135e,0.0
525,ce174efb-3c5f-44c7-9789-cdc313b470eb,0.0
526,fcdcab86-dd3c-4e1e-8136-397136c23ba0,0.0
527,06db1cd9-eb08-4c3c-b150-5c6577424a56,0.0
528,1e0fc677-f459-4566-a1b1-632bc9d42d28,0.0
529,1f28f552-2ba2-49ed-9d60-d1bd8420f07f,0.0
530,31b23e74-0dc4-40a7-858e-2514a3833547,0.0
531,513d8927-8566-4a7b-b73c-5d291509243f,0.0
532,d1799edd-b0eb-4e6b-9ab6-87baa2a2692f,0.0
533,1feae556-ddc6-4dfc-b31e-3ace064ed826,0.0
534,50eb49ef-ca5b-4036-8855-024e9d77e2e8,0.0
535,64d8ff8d-3f92-42e9-b31f-fc7d8053f29c,0.0
536,693462d7-16ef-4aee-9399-ee5af4b97243,0.0
537,78895937-aec1-453f-a33e-6969af39999c,0.0
538,7a616261-4ee7-4d99-8f68-65ad9b560aa5,0.0
539,88a8a676-f647-44cf-8593-b9dd07488b9c,0.0
540,8e322b17-931e-465d-9c1a-042355df3e1b,0.0
541,93945464-f097-4a77-9986-c1a87d8225a6,0.0
542,aa361b72-0a6f-4e47-9cb9-66deade2477b,0.0
543,e518689c-d030-497a-b68a-31e821279ba5,0.0
544,f71fd1ba-2a6f-4529-8597-9e64b493352c,0.0
545,01cab6db-ee68-4590-ab4d-8e7540e8feb8,0.0
546,04ef84fa-b86c-4933-b370-78637b593bf3,0.0
547,13ec0c81-edae-49bf-a1c1-a20b1fd8f48a,0.0
548,432f1c45-8173-44a1-89e2-4fa32aa6aae6,0.0
549,9105f45a-7b6d-4a3a-b072-2fc76afc2711,0.0
550,a903c3e5-6694-4f69-8587-717984c03ee5,0.0
551,c8e57361-63f5-4d34-9c9d-07ae500287cc,0.0
552,d455aa5a-e4d5-400d-9528-f350b366d20d,0.0
553,07ef6f33-6c80-4681-a558-724e75909c6a,0.0
554,0ee05e93-e859-473e-b37a-a38577d6f7c4,0.0
555,139a6b26-8393-4a88-81c7-00af4230acc4,0.0
556,2d898e47-e71f-4e38-b063-f9af4c987734,0.0
557,5ad2e57a-3178-4580-9d59-5e2dbf91ae00,0.0
558,5cb10d6c-0796-4c20-9bb2-c9b967b77680,0.0
559,9bf9f4e3-4f6d-450a-861b-0531a02989db,0.0
560,d01e3b6b-147d-4cb9-9d96-823d152a9bfd,0.0
561,db0a3c02-b963-41b9-9c75-e8246ee8fbdd,0.0
562,fafecd58-fda3-48e9-868b-3d45a53c5b5d,0.0
563,00a7e803-6131-4b13-a1fe-f4d912d56e16,0.0
564,064e47fe-9931-4ac6-af06-d607f37229c4,0.0
565,0c88de78-eef7-4483-b126-69871459c4eb,0.0
566,18787be8-0562-4fe3-934c-fe18edb244c9,0.0
567,504b9d94-9677-4698-b371-7a30807b63f0,0.0
568,74311296-80f4-4744-a409-3d318414185f,0.0
569,7f830951-e7b1-439c-a196-16adcf7421ac,0.0
570,8ba2a46f-d8da-45ec-ab76-53aaf211eee8,0.0
571,bfdcc8b6-7410-4977-b414-7bb13ec39f6b,0.0
572,351af1f4-38f0-439c-9f31-d399c005fef4,0.0
573,3fb5f7d8-0132-4363-b7e7-a20332b7fde4,0.0
574,418b0245-118f-4fce-9f93-0c9d03520eaf,0.0
575,5b2e5c42-b3aa-4018-be29-a8a4f729f456,0.0
576,6c65d9ac-7f5d-451f-b5c2-29478c6e99f1,0.0
577,837b0eef-8a21-48e4-86ae-24889e66c3f4,0.0
578,8e4153be-9c0a-4565-8524-2832b105c979,0.0
579,9337e18b-3782-4c85-9d44-00b04fafc9be,0.0
580,9371734f-f0c3-4755-b17d-447500366116,0.0
581,a9064db6-66cf-4a4f-863e-1e811b2cbb08,0.0
582,d5718a13-b89e-46e5-b91f-2a6c747e241d,0.0
583,e0bf92de-d0ed-4905-adf3-8e546d4da19a,0.0
584,fe5a8cdf-f7d3-4d6a-946c-2afe24035223,0.0
585,0047fa7f-eecb-478d-adf8-1ba2771c678c,0.0
586,144176d3-7af0-470d-87a9-f4159cd98b85,0.0
587,b8823457-c6ac-427f-82ee-c22677f6b911,0.0
588,bd5b5110-c473-4068-a4a3-aa1c94156472,0.0
589,ea11c58d-0d9d-4ef0-b0f7-36679ff535ed,0.0
590,129359aa-8780-4036-b01b-1e72999f13e0,0.0
591,17221152-c8e7-4d17-949c-7a714844e87d,0.0
592,3b0d1c7c-3683-41c1-844a-09429f2eb343,0.0
593,69920f80-9719-40ed-9c89-adf7eda1b94b,0.0
594,7d370382-7df6-4db8-95ab-cd00de7096ab,0.0
595,986c2263-fc39-49c9-9ea3-4ae6ea90defc,0.0
596,a336906b-38c2-45a2-964a-4061762dc101,0.0
597,cc7e8679-1ca9-42ac-a7b0-cc3116abfbf8,0.0
598,42cf29c2-bd12-45eb-9ce7-8d9456ce1286,0.0
599,5de4f58e-8ab6-4f7f-984e-dd1dc676ba9b,0.0
600,6789ec5f-12be-4766-a440-548febbd4eb1,0.0
601,def70da5-7fba-41b8-99d9-615ce9d7d68f,0.0
602,f9292253-ec62-4a2e-b868-8c422606d56f,0.0
603,0906b9ac-700c-4f43-a08d-99cd7b0e074b,0.0
604,5e796836-3c52-4463-99a0-ff121e08a0ee,0.0
605,8fd0503d-e55b-439b-afd4-cd4552f50fa6,0.0
606,a2c693ac-39c6-49a1-830c-88689e373338,0.0
607,f90f9bcd-30a5-4235-bac0-bb78e2eba4a7,0.0
608,fec7507b-9a1d-4ff2-beb1-ae3dce78dfb2,0.0
609,152160e5-0d9a-40e4-a3ab-538d2d710e37,0.0
610,26b9aa95-1766-468f-b160-70a8fe72f315,0.0
611,355ce643-eb38-4106-9353-c65e7975f972,0.0
612,3b524099-98b2-46ca-8316-348fb42f5bda,0.0
613,68c4d77e-89c1-41d8-bef2-7eb78f9e2329,0.0
614,6d3f9071-a651-4bff-8a85-7f1ecf637c57,0.0
615,8352016b-7ed9-4bfe-82dd-143648fdd25b,0.0
616,a5d2e913-5001-420e-a61e-59709f3aded6,0.0
617,be998f2b-f20e-4b45-bd97-7c8290c8c24c,0.0
618,cf221872-6b39-427c-9aa2-1a781ebb6266,0.0
619,e14af226-3e02-48c7-aca3-a8530d1f39f2,0.0
620,e8f0bd87-ab28-4f34-8dfe-2d73ecf0bd81,0.0
621,04f053b8-684e-485e-81e7-e4f61935ede9,0.0
622,13c50235-7e09-4bdb-a13a-ff4cb78165cc,0.0
623,15557833-c4f3-4485-9ef4-2724309a1536,0.0
624,5ffd0f11-4a5c-4b85-b8a7-3ed132956991,0.0
625,70689448-f786-473f-a444-34f0bdacca5c,0.0
626,a13e9a9c-67f8-49b4-930a-d53184046a02,0.0
627,f447ca16-19b6-40de-9dd8-12bbb40eb899,0.0
628,f79d9475-8da9-4b8a-a861-c30a9d6cc4e8,0.0
629,243847b2-89d6-45d9-be63-4e88ec928991,0.0
630,50558c69-a42d-4357-aa68-71c6da219a57,0.0
631,61a50c81-76dd-4af2-a40c-5d1cb45e91c3,0.0
632,913e6411-cc06-4ee0-af51-0c345b4c18c4,0.0
633,9656025c-a219-43f6-9dc3-be8b76741dad,0.0
634,a8234855-0ff0-45f8-b42b-3558cdc12978,0.0
635,b1ffa785-f4d6-4f0a-a758-158768e88beb,0.0
636,bef4f58f-f1d0-42bb-b02d-16a03826da51,0.0
637,d952518b-6b2a-487d-9cb2-c0669843deab,0.0
638,fed6a694-4f00-41e3-a30b-1521a320ccf7,0.0
639,7f6d4c65-f4da-439a-89f7-b461275bc570,0.0
640,9e97640f-abd2-433c-81c2-5f938ab9a05d,0.0
641,c0ac3429-d862-4e1f-9b21-19beb12e2c38,0.0
642,e9b7fdcb-f58b-483b-9dee-093f72c5e8bd,0.0
643,eafa2b87-c219-4a69-a311-881b7accfbe1,0.0
644,f6302e99-2082-4271-a622-54afb8458f81,0.0
645,0de6523d-acd5-4f0b-8adc-b4e3c1361289,0.0
646,2f33b971-2ab7-41e9-ab66-a335520f7610,0.0
647,54819467-c147-4432-8f37-a8e0b86b5f1c,0.0
648,6fd3d0dc-8607-4b75-a89e-16dee03a4cd0,0.0
649,a55e209f-674b-4a99-8c13-df6148ab1364,0.0
650,ed09f6b5-ce26-40cd-8012-caa0be6be53d,0.0
651,efca8765-4756-4e76-8f66-73076c4d8aaf,0.0
652,06daf57b-ef5f-49f4-8399-1a7fbe629273,0.0
653,3eea7261-7dab-4b36-9361-92fd76be54b9,0.0
654,5a4e8c0f-6bd5-4d33-834a-cd793f58fee7,0.0
655,6b0ac96b-1bff-4569-948d-dd4dae1f4767,0.0
656,bdacef4e-49ed-494c-84ba-d82f363d92c6,0.0
657,d3575df7-d1f2-4da7-b8de-dc2f28807ac5,0.0
658,d8af300f-0e58-4e92-8057-6dd7f0c796ee,0.0
659,deded8c1-a90f-4d13-b9a8-6ad5feca5c04,0.0
660,627afda6-e08e-4b82-8e85-dcedb9e82621,0.0
661,6b4951b6-d321-454e-9832-659df0a0212b,0.0
662,6d0679bc-aeb0-40bc-ae11-65bb9f39bdb3,0.0
663,85b984e1-aaa2-415c-bcde-d96658954f37,0.0
664,927ff96a-8f80-4a50-a00d-16f6737ccb1f,0.0
665,a582cf57-bd27-49d3-b685-22727191f901,0.0
666,b143a370-530a-43b5-980c-b7d9bff72a67,0.0
667,f49ca8f6-1cf9-4a51-a06d-49a504a7ad8e,0.0
668,fd2912c9-1d64-4f9f-b87e-8171d337991c,0.0
669,1813098d-9fce-48e5-9e58-cbb08cc8f8e4,0.0
670,26937f8d-ef02-4ed6-a29f-82be70b2cbb6,0.0
671,2809aeb2-5f45-4758-8ad3-1ba77c35de9e,0.0
672,4121de01-12ee-4c03-a8c7-5f04b5f024d7,0.0
673,60b8a8dc-03c8-4bc0-8ff1-5fd53695cc39,0.0
674,66a3a0fe-b385-49ad-9ffd-b5af604ebdb1,0.0
675,8aff3b3c-9e91-4db4-b004-049636aaf88f,0.0
676,8b1f1621-e49d-4f84-8ad5-7e8ddac3ce2e,0.0
677,990c20fc-56ea-43f1-bc41-aa5b2739b46e,0.0
678,9e33a60f-cbc6-44a8-abf4-74f5139ab556,0.0
679,baead8a1-6a0e-4d39-9204-31a6b87da706,0.0
680,e02e92aa-9ea3-4899-be8c-00726b52c20c,0.0
681,f2168097-635a-4187-a13e-5ac2ec86671d,0.0
682,0757bfe5-d496-4915-8e0d-7deb658b83ac,0.0
683,21ea0e25-e7ae-466e-82c4-86d54648027c,0.0
684,3d72bf13-c997-417e-b2a8-65a156adb8fe,0.0
685,839d510c-e05f-48cf-b06e-464dd5da9688,0.0
686,89208920-5e0b-4570-bc87-e489c1d79c53,0.0
687,bee108c3-92b3-4373-82b8-84e7b3a44462,0.0
688,c273cc47-3740-484a-ab23-8e6ee9bda9cd,0.0
689,dd0cac50-e0de-4953-9f79-6113df2b192d,0.0
690,22e416b0-dbe3-44e1-886d-74f437e5d88d,0.0
691,73b16e08-bd3d-46d6-83e4-446a20a6fcae,0.0
692,90b50c87-59d2-4f1d-b3ff-554bfb0024bd,0.0
693,9fde0e0e-7820-448c-8aa8-c13a66ee9091,0.0
694,be51174a-a376-4710-b1ac-ffd92a6a97c1,0.0
695,bf069f4c-87c3-469f-9188-97a8c642eef1,0.0
696,f1a1e44c-8e7f-49d4-8427-83784e63ab77,0.0
697,02cda37f-dd8f-4e57-8979-8d607ff0b304,0.0
698,048c53d0-e938-4f1f-9a52-ec846c2c83f0,0.0
699,0ab331ad-101a-4114-b690-fbc9ddde515e,0.0
700,31fa9d01-fb18-4cdf-bf52-e84ad306bfef,0.0
701,36343a70-641c-4831-bc47-c0671f96162f,0.0
702,51466edf-5a3c-47fd-9b34-bb39fe627612,0.0
703,6fd164c9-34e7-4abf-b1e5-5e0d79be3b7c,0.0
704,b6edb0b2-f228-4d81-acc2-f4e308c56df6,0.0
705,f763b0ef-c50d-45df-baa2-aebac04884a0,0.0
706,0bbe96e2-04c3-410a-bc02-34252890d5bd,0.0
707,19fd84ff-eb15-490a-b944-875d494bc34f,0.0
708,2f2f3018-49dc-459c-be50-d3386d028bcd,0.0
709,467d2e40-bc2f-4a95-b8c9-6983377e2719,0.0
710,6253e76d-8d09-4abc-8836-701aaf624766,0.0
711,a4d39292-9f6e-49fe-b90f-184125f8d046,0.0
712,b1537f8c-02b4-4756-9490-76b833b28e32,0.0
713,b9e6cb73-aaad-4605-9b5e-05a07fd39ee8,0.0
714,cbf921d0-e219-4e54-a396-801bf119be78,0.0
715,001eff6a-5e57-4026-af95-8e1ba50fa12e,0.0
716,33a2c2df-18af-42d7-9276-512bdab351ba,0.0
717,34cbb539-8a01-44de-9c5b-fc2a8a72a28b,0.0
718,58c5e225-1611-47b2-b1e1-32d401146e88,0.0
719,b5b6ed56-d59d-4c4d-97eb-659f5d84a1fc,0.0
720,c3f7c8ed-8169-4cb7-993c-804a136eebb2,0.0
721,fe3db1f1-1a81-4e49-a7f4-70e9b89931cb,0.0
722,88e142f7-c981-44bc-905e-6a740909e068,0.0
723,cdffbfb8-4bdf-4b9b-9fbe-ae5931d98076,0.0
724,25b003f6-23cb-412d-9a37-5fcb3a620198,0.0
725,4134577c-0f3e-45da-a7fd-8d4a1a89a4d3,0.0
726,48456e48-74e8-4462-af7e-f93ae3f057b0,0.0
727,629b5e89-536b-429e-966e-e74c5493c63e,0.0
728,77906073-1331-47c4-87ed-93d4cd45c223,0.0
729,b4629b56-fffd-4ce0-915f-14d74b8737fd,0.0
730,ba773567-7398-4443-9277-f91b9eea5714,0.0
731,f207b9fa-e7a4-42af-925b-c083ebbca2b6,0.0
732,233e6247-54de-491e-bea7-06f6710a2ddb,0.0
733,256bcd4e-68a2-47f4-9540-aee47463375c,0.0
734,35e62aae-a6be-4cf2-a02a-1d58c7a0441d,0.0
735,7a63d5c3-8109-4ba8-8ca6-c2248d218e3b,0.0
736,8990944b-2740-43e4-9d23-401d5297ac8b,0.0
737,fbccffed-65de-4cfc-bf3b-918dc951cf9a,0.0
738,30732fd4-6506-45be-b2fa-cf65ae2eaeaa,0.0
739,774be5e8-8bcd-4810-a2e3-82dc57315fe3,0.0
740,7db19522-1a12-4185-8b10-558f9916ba1e,0.0
741,9a14e504-db65-4359-803b-eb614bc3d3a8,0.0
742,a0ee1d91-bc8d-4d00-9293-5468648f19c9,0.0
743,e5971646-4202-4084-9490-c897d658b2b6,0.0
744,1a3c8908-1a39-434e-97ac-5f3a30fd6844,0.0
745,3383a551-ab97-4302-bbb8-7e69498ca9ba,0.0
746,3a7d4759-9d82-47bc-8a46-8d4fd2f93728,0.0
747,92a7fae3-e681-4f3f-9ea5-c76ca59af83f,0.0
748,b812b6b4-cd98-4432-a390-93df5e1e6048,0.0
749,cfd8554b-8486-413e-9b5c-b465ecf12f0b,0.0
750,d1144e32-b5f0-448f-8009-0311f5aaf5ec,0.0
751,eb0e8576-7cc0-4fca-9438-af80ae8ef0d4,0.0
752,3fecefd2-e960-4edd-84c2-99b992a55864,0.0
753,58b00bfb-dd54-4e77-b4c0-655cee38b310,0.0
754,94a44458-f478-446b-b7ac-2b0fe99b018d,0.0
755,95589275-56ea-4f2a-bb9c-5c3dc0d11c07,0.0
756,b9e91fc8-f017-455c-8c1d-3242e80a562d,0.0
757,bc9c92ce-f3e0-4b0d-b51c-e48a94738ed7,0.0
758,ce4915dc-bf80-4b29-be22-9a672fe53ddd,0.0
759,d32c5059-4e9f-4da2-9d41-f70112c26580,0.0
760,2b7d90c3-8c99-4e33-a49d-c9f5617f38bd,0.0
761,41d28594-94df-497f-aae8-2a082497f187,0.0
762,6de650dc-0052-4fb1-b005-ba1daba0a03b,0.0
763,cb9704c4-5b76-4e53-93ba-525f0418b5df,0.0
764,da030e74-92c4-4cf7-8288-620a2b803131,0.0
765,07b6f1a8-d14c-4338-809f-a6a8efa4493a,0.0
766,22aa684d-efd2-428a-b828-14421d6b280a,0.0
767,24cb041a-c6a6-4d11-9a70-1374240bf10a,0.0
768,26441d45-3b6d-4e5c-a9e6-87882fb6bbac,0.0
769,29f6b30b-8a9b-451a-93a9-652234c03fc8,0.0
770,3546ab32-60bc-4e90-9ba5-91188bd34f58,0.0
771,88c4cd4a-be57-4273-83f3-3b968edf526a,0.0
772,99e691b3-451c-4456-9b37-754aca8d8978,0.0
773,a037b67e-9ea8-46e1-83c1-abe43b721986,0.0
774,a1711f3d-0298-456f-9ba1-7582feb70316,0.0
775,ab684b3f-293b-4254-8984-7632453fd4e5,0.0
776,af229db7-2f4e-4ec3-952c-e79ad534925c,0.0
777,c28da38a-5f46-46ea-8828-be23c4752244,0.0
778,c757e2f4-0412-48b2-9f92-41ebb9f8bdb9,0.0
779,dd8698b8-5153-4392-9680-6d4e3e7dc532,0.0
780,0b9656ef-2e17-47de-86dd-5e564136f76f,0.0
781,259f01f2-d044-4257-b166-bcb2b027685f,0.0
782,5b8d0004-80ee-4c59-af4b-bc48d4557166,0.0
783,6f70ffc5-339c-4f60-9756-6e25d2bb86a6,0.0
784,83e93cfc-a60f-419e-8e8d-318b0a8b59db,0.0
785,b1ce475f-8743-4682-bbf7-f1df191669e2,0.0
786,b276dac9-e1df-48c5-979c-78fe634b1fc3,0.0
787,b3a6a17d-2fd7-4ed2-87c0-2898c9c47dcd,0.0
788,ee335011-65bb-46d7-b3c8-a71434cf5859,0.0
789,f18edf3a-d6ef-49b5-83a4-04da40aae802,0.0
790,f91f897c-3843-4d34-9f2b-d5226698a08b,0.0
791,02868b20-741e-4b05-9963-2acae2f4789e,0.0
792,5453cd57-5f7b-4742-af7d-87771232cebc,0.0
793,5df14662-2e0b-4a25-b31d-060d3b9dd7c5,0.0
794,d21cdd57-acf7-465d-85b7-fdd60de8e3e2,0.0
795,d2d9677a-dc80-4d08-9c69-f22578c662a1,0.0
796,de6be206-9275-49f2-bc74-cb57ed382612,0.0
797,e29527f3-58f7-496c-a926-545c57ebf850,0.0
798,1cc8ab68-714e-40a2-b15a-a9791cc0b9b6,0.0
799,1e34e156-a6fb-47bb-9d6c-196d6d04e1b1,0.0
800,b5cbedaf-77ba-4989-94bc-147ea0b59ab5,0.0
801,b5e5212c-be3b-425d-86bc-0416a55f5817,0.0
802,c7398ab0-c824-4cb1-b94a-e933248928c3,0.0
803,e0b5877e-1eb5-48bf-b800-a3ac48a39a18,0.0
804,e2a46701-cac5-41c9-ae1e-ea0497d35fbc,0.0
805,00a262fd-4522-46d1-a105-cd8dac647614,0.0
806,0409abbc-8a0d-489f-a03e-19ecb823cdcd,0.0
807,1cac9987-fe5e-4dac-8be0-a9a3c0180ddb,0.0
808,9e8866d1-8854-4eac-a831-ca80decab1df,0.0
809,b451600d-b23c-445d-beb3-44f4c91df472,0.0
810,bdc35667-8bc1-4b9a-9ca2-cc1fea045661,0.0
811,ec5c78dc-36bd-462d-8312-827000d82768,0.0
812,603bb779-10ed-4204-a7d9-5ef5b717638f,0.0
813,79ef9ff5-d818-41aa-baea-5b769ee9453f,0.0
814,8838a493-46d7-4dd9-8f75-51a7d5d91cef,0.0
815,9b912bb3-cd1a-44f8-9274-30416b18e1ff,0.0
816,9bca2e37-ec0c-40a9-8ebf-2f5d2e4fc376,0.0
817,f1cf3c8b-2a0b-4d5a-9037-872431188a21,0.0
818,06d92658-0fb7-44c6-b4ef-af91eb49091f,0.0
819,0ef2bc10-7207-4e9a-80eb-dff02d359495,0.0
820,326969c5-858a-4dde-a3ed-aff26438b992,0.0
821,5a61a216-0475-4834-be4b-ea31cb4b3d3f,0.0
822,7c738a87-1d77-4340-b515-b6b486ff6968,0.0
823,d5f09085-df2d-4762-97f0-86cc3cc8132c,0.0
824,363ebb4c-bd10-4f75-a3d8-978a9394eb1f,0.0
825,39e05674-01d0-4e49-ab3c-904917710a0d,0.0
826,426ac933-889b-4e8b-8dfa-e1208ad87f04,0.0
827,763b091c-0d2d-482b-9fb8-6473cdc5a00f,0.0
828,88c7f274-73d0-4502-a897-456973779947,0.0
829,911621ba-8940-436a-a0d0-def0c355cd33,0.0
830,a8bfc37c-f1db-4e32-8571-92911e741c17,0.0
831,b7ba38d0-d6ee-434d-be10-d374b9cb2394,0.0
832,d4a261b3-b624-4804-b754-96cee2c320e6,0.0
833,e644bcad-2646-42a6-b8a6-e77dbae9353f,0.0
834,ee75171a-e313-4b54-912a-f0fe2facb0b4,0.0
835,f701b941-4c5d-40cb-b32b-70f8dbd10675,1.0
836,133eef63-eb33-43e5-b6d2-ef220d6ccef4,0.0
837,3c669373-3c29-4050-a3cf-beaf0fdc3807,0.0
838,424f7038-b2f4-4ccc-9cbd-1105ed4f07b0,0.0
839,a8a08746-006b-4a3a-90f1-2f4ef4544bdf,0.0
840,305c981f-5fda-4911-8592-1723d2a330d2,0.0
841,4e91bc76-3f1a-424e-a8b0-73eb9d2b19be,0.0
842,5c5295b0-1fca-4e76-854a-d267a0889855,0.0
843,64ccc6c7-e2b4-4491-a360-48313f53553d,0.0
844,df8a948a-b6f8-451b-8fd3-9261e834384c,0.0
845,fb768157-da4f-47ca-96f2-b6b520f5259f,0.0
846,07a6d6f8-7e99-47ba-ba2c-752e7536a19c,0.0
847,9830e375-bcf8-4c41-8f67-03f17d712569,0.0
848,d30c5eb2-ab64-4cac-bda2-0d2ec05dac2c,0.0
849,25fa67b7-d2e8-4e7e-8f6a-c957ae792e46,0.0
850,4625416a-9980-4df5-b496-c5ffff870da0,0.0
851,92957b17-c1ac-4571-8429-475aa576d8e8,0.0
852,a4459509-9ddb-44b8-afaa-f6f7f3fc8d85,0.0
853,cb6d31cc-faea-42c2-bdc4-c8418dd97fa6,0.0
854,2d2f1b61-036e-4748-8804-d521e2cce601,0.0
855,43a5bf63-3632-4180-803b-3b50bc5d7b3e,0.0
856,60e475dd-1973-4607-a283-de251065bf16,0.0
857,774f21dc-b32c-417a-b712-d2e188263b5e,0.0
858,b615d1f8-1d6f-4d45-8ce2-927b29487430,0.0
859,d9ad1b05-f37e-4f8a-af2b-867095e03578,0.0
860,e0cffd89-9433-4f60-ab5d-82b14db3bd8c,0.0
861,ff3b998f-df28-4b3d-b103-4ff1c6ed3194,0.0
862,0f6547f9-face-4da4-bdf0-3d7b86ea79ee,0.0
863,13edaf4b-b1bf-4ac1-b946-7f066fac8896,0.0
864,2bce2e7b-c303-483d-8dea-f6b845fb3b09,0.0
865,777f3586-fa1b-4f8e-a71f-fc145fdf406b,0.0
866,91273965-089b-469d-8eb1-c59134e7fc1c,0.0
867,cb012406-8203-4874-b6c9-d86e5d14c764,0.0
868,d482dbaf-773f-4c1d-a8e9-8e67971216ca,0.0
869,f2f9787f-dc08-435f-9aca-51c6870ae2c4,0.0
870,fd09e714-e570-4535-ac80-73b1eb72dd02,0.0
871,4b9d3f7f-f87c-46b4-908d-c751cc1def6a,0.0
872,c269c82e-e8cf-460e-81d9-b1a04cd66cec,0.0
873,d326600b-b628-425c-a4ca-ad1ae6ec7e00,0.0
874,f61c2851-c8fd-44e0-8f7a-834d4d8613fa,0.0
875,08d48c08-11bc-4a7e-b90e-6169eca50114,0.0
876,27c4442c-b5d5-4830-ae64-23a2697a3b6f,0.0
877,787322e7-4d2a-49f8-ade7-369c67b6bec5,0.0
878,7b5dc04e-85e3-4b33-a0e5-b9b2fbaea49f,0.0
879,8289d3bc-c68d-4962-ae6d-55dbbe5dc95e,0.0
880,b1829f2b-4f33-4bac-94ac-b6400ae237a9,0.0
881,b1b38904-4cbb-4e2f-9dcb-260d44ef1c46,0.0
882,ca0054ef-f07e-4d36-88bd-77be90249291,0.0
883,cc008fca-6971-4b6d-bcca-73c939e43e98,0.0
884,e35720ca-e1d9-4bec-aafe-78822faaa97c,0.0
885,1f2df3e3-a5d9-4456-ac48-b9d309fa9e2e,0.0
886,746da632-55e3-40e7-bda2-f48a8c885cb5,0.0
887,8733e714-3045-4a47-a712-3f52cedcbae6,0.0
888,938c0066-d09d-4993-8902-adc8b7a7fd81,0.0
889,9f161a09-e056-4995-ac14-46f84f744f9a,0.0
890,c7463810-596c-4119-a163-f8ba258a3592,0.0
891,dea2807c-caaa-4262-8f59-4c30ac56a12b,0.0
892,e0ddfae0-bd06-4852-8eaf-1531d88f36d3,0.0
893,e220c6be-e1cb-4998-bacc-fa48b71c3b56,0.0
894,1715ce05-2000-42a5-9efd-a3f7f2aa34a7,0.0
895,358ef579-2d1e-4ddc-a56b-f5b5da3f2ecc,0.0
896,5b83540c-f9f9-4d17-96ac-28e85915a1a8,0.0
897,6f4fb1b5-5cc2-4759-90dd-abddb3b89849,0.0
898,8fb94375-77ac-4e41-a6da-273ef176ea51,0.0
899,9619f336-763a-44f8-8df1-e975d3ee0347,0.0
900,a5d594b6-14f2-4732-8b6e-3aa5a0f5b3e3,0.0
901,b803c3a5-4c49-4c29-a8c0-175aa5fbb8d4,0.0
902,d9f0dd67-c1b2-4f72-9739-f67a481ad69b,0.0
903,ddd682c2-51cb-4454-9afb-2bb0f2c082c7,0.0
904,4510f234-eb76-484d-889c-c09fd2006ef1,0.0
905,48b0e445-1244-4931-b241-2e874c502fb3,0.0
906,5df2f68b-2b9f-4781-8de9-8812c723dfde,0.0
907,606635cd-8e41-431a-b184-88a31473391b,0.0
908,61242e87-8ac8-435f-bcdd-e6d5fba38cd0,0.0
909,6df60231-e2dc-4d03-b29e-fb46a3facfc4,0.0
910,8c99390b-1777-4315-8a17-abd0609ecbde,0.0
911,9e6ea975-70aa-41fc-92c8-2e75a3bb4c0a,0.0
912,a528f03b-7b78-4db6-9ef7-10bd703c69ed,0.0
913,adb2a247-f7ed-49ff-8506-8744763dfd6c,0.0
914,2eb78444-2a92-4a1a-b2b2-93d79b55e85d,0.0
915,6e032af1-7802-41fa-974a-e657d22577ee,0.0
916,7f152c0d-431c-49ac-ba97-8abdefaf3abe,0.0
917,9491f4f7-2eca-4bae-bd4c-c9f213b844a7,0.0
918,9d2c920e-68f3-4fab-b004-72aa7682fb81,0.0
919,ab6dbd7c-5f45-479e-813a-3af272c4bd96,0.0
920,b894060c-ca52-442d-8866-88ec34112dba,0.0
921,b9afff94-5dfb-434d-a73e-625ad08e52fc,0.0
922,c17c5a7c-e166-4386-93da-2dadb883bcfb,0.0
923,d1c899f3-05fb-4c3e-b987-956075b4b97a,0.0
924,dc425db6-50d2-4346-ad55-b00072fd367c,0.0
925,fa27ce32-6f1a-45ba-b0f0-b7fc50dd2e8d,0.0
926,4b778603-0c26-4b32-ab3d-e35e27c2a627,0.0
927,5c9b290d-efba-4229-9224-fb961064db64,0.0
928,641580cb-5dc4-44c5-8dbe-5057cddd1aef,0.0
929,6a6c6655-4781-4d10-9348-53bdcc92b94c,0.0
930,6cccd3c4-642a-42ca-9959-03fbe6b0314c,0.0
931,7fc42a58-f8b9-4eab-b581-e2e0ff17bbda,0.0
932,a9713fed-4817-4b04-94a9-03fe0853c392,0.0
933,beed1d32-d0c0-4366-bed8-22c4fed183bf,0.0
934,c2e4a25e-cba3-4d0a-a2b5-58c447ec1da5,0.0
935,19688611-f7f2-4e68-a929-195fa5d29b80,0.0
936,3ab4586d-a8d4-4c92-b642-a8f236522619,0.0
937,580abb1e-46be-4d56-ba76-496c7e7ef1f3,0.0
938,7abf36c7-058e-410d-8883-4d8364c0449d,0.0
939,8cdec901-e637-4234-b6d7-92aa8610216a,0.0
940,9e0942b6-aba0-41a1-a550-66a8140f679e,0.0
941,c92432dc-5318-45d9-83af-39e27663d5b5,0.0
942,187894cb-620d-431a-839c-34361f427ce1,0.0
943,3a3a95dc-65b2-4141-9913-d4deb20e2fbf,0.0
944,3c05f909-0fec-4e42-8c62-acc86bdaba53,0.0
945,4fdf90ca-91e9-4378-9f70-afafde03be47,0.0
946,da0d5d39-164c-4623-8c72-1c9856b07da4,0.0
947,e7639ae7-982d-46d3-909f-204876954b9e,0.0
948,4723e2aa-fadb-4705-96c2-d4f5b3f1e5a1,0.0
949,4a528983-f874-445a-8d3e-e311135359cc,0.0
950,5f93b358-43bb-4d4f-99a8-d5923ce14f83,0.0
951,9d430b18-a15f-4671-b1b7-da991c6017ab,0.0
952,a3a2c080-3b6b-4baa-8bf7-1dccf3d76dde,0.0
953,dccedec9-dcf1-4144-9f43-d4a94c1e4001,0.0
954,dd850856-646b-460d-944b-f86874c26a9e,0.0
955,4bf96eeb-a937-43ab-b4d8-0a5eab39a1e9,0.0
956,6d974015-3037-4c78-ae33-92bcaaa07f01,0.0
957,738d0ca5-b1dc-4816-ad6d-8fc31a2ee992,0.0
958,74b1edb3-c6e9-49f6-a62f-e14badcf525c,0.0
959,7d227aa6-dfa1-455b-944d-71c4790ff0ae,0.0
960,9a18f67f-42c8-4f5e-ab59-b93e0e0e1939,0.0
961,9d0df6c8-50ca-4dea-b637-ab7ef039d408,0.0
962,c34b17d7-bb12-4ec6-8a92-66e2085210e1,0.0
963,c3eb7709-1ac0-4985-8689-c64b72042fea,0.0
964,c6b700b6-be49-47c8-aae3-80c90f32268f,0.0
965,cb291016-8d29-4c27-834c-baadfd239de9,0.0
966,cf6c6032-e74a-48ea-999a-f57408e45f5d,0.0
967,de642dbe-8aa0-48a7-9d67-b01223dfa936,0.0
968,eae29ec2-5b10-4296-866e-fb327141175f,0.0
969,eff18601-49b0-4678-8aec-cd84ead62740,0.0
970,f64586bb-debd-4b8c-9f7e-ac65a1c9e219,0.0
971,22b8c340-1eaf-4041-9725-cb1edc465762,0.0
972,40147972-6781-4c8f-95d5-bd9ec91ff968,0.0
973,41d31907-230c-4f37-9b60-cca5b395bc8c,0.0
974,48e02302-31a6-40a9-a71a-afbb10114088,0.0
975,5cdabd28-46df-4c53-b8ce-ccaf6ea88b86,0.0
976,ca20b70d-b28e-4b9c-af11-cad8464186a1,0.0
977,046c256e-f4d9-47a1-92c2-f27068cc4be2,0.0
978,08fcf402-9e49-41e9-9281-0ffac5439b71,0.0
979,375c273b-a448-44a0-8ba6-a0f4056862b0,0.0
980,507ebb70-7793-4bad-9b6d-34f491f5b51d,0.0
981,542a744a-edd3-4cbd-b28a-db4e9def4c6e,0.0
982,57efb5a2-d7ac-4b98-af98-92a813634f84,0.0
983,5bc6b79a-9106-4821-848b-1ce8d87cbf02,0.0
984,0ac0de73-3237-44d0-bb7f-0b15060539ad,0.0
985,1a52f5df-bbb7-41ac-9e76-9011bdf7bbf9,0.0
986,423f88fb-404f-47e6-8cab-330824cd004e,0.0
987,65709f1b-9cd1-4ccc-8a59-eb9d2893ae89,0.0
988,abe8e6a8-aae1-4051-99e8-638fe02ca3b1,0.0
989,e69b18b0-6489-4dbf-8743-75aa50c7f46e,0.0
990,e7d840b2-96a1-4b53-bd49-57c323253a43,0.0
991,fc5c7040-2185-4664-ad90-2d78378d749f,0.0
992,05704eb6-6904-4bc9-ab8e-b9904ed6bfda,0.0
993,180bb77e-ddcd-4261-8508-80e1610fbacb,0.0
994,1d392500-107b-413f-8873-20b25137eec2,0.0
995,21f45e36-3a11-4a2d-9b0a-720a6db2b152,0.0
996,562eb9a3-1550-4276-8dc0-0ba65a83cea3,0.0
997,6fe9b5ce-b297-44b3-949b-fcd53698d2a0,0.0
998,9e7f4ea6-2057-4ec7-b7cb-e30441032eed,0.0
999,cc41c645-69f3-4dd6-9907-4032fa8dc578,0.0
1000,16c14d8b-94db-47ed-8237-9b7712934b22,0.0
1001,1b8f0ac3-dcd6-4e30-804d-928b5193ff0b,0.0
1002,21f91eea-099d-4f51-9137-99190a05ea51,0.0
1003,79b5e59e-73e2-404f-87c2-5077758c29f8,0.0
1004,8f8b2e18-bbee-4e85-9610-c4ebf6afb376,1.0
1005,f5037ba8-ec79-4c67-a6e2-99bb60945c23,0.0
1006,fd891952-8781-4e0a-94ee-7ac13b50d123,0.0
1007,1860a0dd-747c-429f-bf44-15468d36e571,0.0
1008,57e87011-f2e2-4530-991e-257321d2e68f,0.0
1009,656fdd9f-cc30-44f2-b5bb-7237bb212ec3,0.0
1010,7fa5b90b-e464-4113-bc02-fffa91df8c5c,0.0
1011,a5cd983e-a0f5-4a91-b2d2-cef8bc209bb5,0.0
1012,b890056b-3f79-4b38-8a81-457afd2400e3,0.0
1013,c998e562-e6ee-451d-88e8-4349092f3804,0.0
1014,d5b8628f-cedd-497b-978d-0bab8cbe4c4a,0.0
1015,ddbe06a2-882a-4648-b047-05b3adadc36f,0.0
1016,49cdc2ac-f660-46f5-a8f0-a3267fa30501,0.0
1017,64ed7916-9e57-4548-a310-42f45e9c46a2,0.0
1018,70796931-6121-4743-9fe9-2cc157c3192d,0.0
1019,7557343d-fa4d-41af-8796-ef3c87589f60,0.0
1020,8dc4a462-8545-42ff-888f-6120c6958462,0.0
1021,a3ae2ebe-b7b2-43f4-9553-f317c46dae66,0.0
1022,e1773634-7884-4d93-a6c2-957fc9da8166,0.0
1023,0b4e5092-d9e9-4a47-9023-66ae10aca989,0.0
1024,1cb853d9-2559-43d1-a7de-f894618e2cbf,0.0
1025,5c35b704-cb49-4cfe-b41b-0f6d04a9634e,0.0
1026,b9d7bfda-c47e-49c9-8010-fc1f806302d0,0.0
1027,0a8db691-aa7c-42bb-85c8-88c2baae0276,0.0
1028,13228b92-2e0b-442a-80f3-0a8322c298dc,0.0
1029,1e09151c-e358-4669-b69c-e810e4ab3ed7,0.0
1030,2fdb3ef2-a1e8-4b05-b3aa-9dc31b6168fb,0.0
1031,360f534c-328a-468a-bba6-c025994589ba,0.0
1032,d7818929-e870-466d-b9d2-8bb80d841c5d,0.0
1033,ec79ab73-3a89-40a1-b0c6-3d97093626a4,0.0
1034,f0dae15d-fddb-483f-95ef-8c6681abc5a9,0.0
1035,204b9f78-b44b-498c-ab07-11eabd762ecd,0.0
1036,37cf6f4e-b04c-4711-bfc8-d70df977d985,0.0
1037,38066e80-e87a-44ad-a884-012a9d22aa91,0.0
1038,3db1f2a1-07e4-4b1d-947c-68a09369e0c2,0.0
1039,49c49908-d68c-40aa-b310-81684f37b34a,0.0
1040,5065f124-60ca-4138-af17-6b6620c478ce,0.0
1041,8754e886-6903-446a-9758-a30e041cb9d5,0.0
1042,8d2bfec8-bb20-4772-b196-2237a14e01c8,0.0
1043,bd7aaa34-5c29-41a7-9746-46fb37bd283a,0.0
1044,e00aace8-033c-4ea0-8413-d10823d797f5,0.0
1045,f3dd2e9d-c380-4e84-9927-ddd6ec764e73,0.0
1046,81c3c099-773f-4eae-bc5d-ca3e73d9af36,0.0
1047,dbf0ab26-7d59-4ff7-b43d-c79407915f1c,0.0
1048,fe2c91f5-6d2e-4bf2-b413-0ec27afa8f0e,0.0
1049,211489bc-4ab2-46fa-a708-4292a09d78a5,0.0
1050,d9953f7b-acfb-473f-803c-2806c13f1db5,0.0
1051,e8a326ba-bb96-46fa-b16a-2949ad659e42,0.0
1052,f029dbe7-4866-4c23-a4ad-02a898bdfbe6,0.0
1053,31a2a6af-5d04-4506-9d66-657905c47b04,0.0
1054,398228cf-436d-4186-ab77-3b318c26da3e,1.0
1055,9079d63f-77a6-42b1-9497-680b7ce39beb,0.0
1056,e47c20d7-b0ee-4700-80ba-c66504b3768b,0.0
1057,e8c87e23-d2f8-4a6a-be9f-4fcbb4c9ec01,0.0
1058,f1982364-8f32-43b7-8c92-632ccbc03cf3,0.0
1059,f320338e-2707-4491-8d5e-5d13b8e012e8,0.0
1060,fe6a68aa-880c-4088-8a3e-eb90af085bab,0.0
1061,0fcdcc82-9330-4fee-8d3a-f5c2615022cc,0.0
1062,1008a484-0d4a-4fb9-b718-65d5cc651b18,0.0
1063,1e07d4e6-2f7a-4848-9096-19e70718a4a9,0.0
1064,6aefcf93-c317-41c9-8e01-bd3f004e262f,0.0
1065,90bceea8-d7a1-48c7-9d87-5d1a7ae7652d,0.0
1066,b266473f-a532-4174-9eb3-465fb146930e,0.0
1067,e34a2b53-50ee-45f9-8790-9a4a6ece10ad,0.0
1068,ed85a2d7-c0de-4c9b-817c-28c8d4f5b376,0.0
1069,06d4799d-2f60-4cd8-88ee-076e55b6ef92,0.0
1070,82abe215-59dc-47ff-b5d2-cd91704bc5e6,0.0
1071,8b732da3-8645-41a5-bc6f-1048f59166b4,0.0
1072,9fcbba76-7137-4d4f-8561-a6da756ba3cf,0.0
1073,b2fdab35-0952-47d5-a510-66b2e3b64cb8,0.0
1074,d4e0c289-dd38-425a-9891-3d2925073450,0.0
1075,e1a11290-0523-4ada-875a-5586be68d7be,0.0
1076,0a059c77-8d08-4000-9475-9beb426f9c24,0.0
1077,248ca084-f9b2-4343-bb9e-9aaff3ce5c5e,0.0
1078,59e72fbb-05e0-4cff-a332-c4bdc2fb05c8,0.0
1079,7107100c-0d5d-4ff7-b159-615b79ee54d8,0.0
1080,868ea688-fe73-4dfc-82ac-b4fa05a76dd3,0.0
1081,e2295864-126a-4b86-a1a5-8478e0420a2d,0.0
1082,e9e61ff1-13e8-4fb5-8ec0-75351dcbaf87,0.0
1083,f8c9d8ce-1b94-4ba2-ad4f-9aed738e67b9,0.0
1084,f99045a4-245f-4819-8a50-d7bf5f37d0dd,0.0
1085,3726f597-d82c-42b7-9ada-8ec20595a681,0.0
1086,645a86e8-1145-4333-83af-9acaeae9b51c,0.0
1087,787b0da2-6cfe-42ae-a7ce-f057bff2635c,0.0
1088,8949968f-7796-4280-8ccf-ccb3ba04202e,0.0
1089,8f9ee7c7-4fc2-4058-bf66-ad33b6eadd9f,0.0
1090,9b78b182-d004-4190-a32d-a6a1cbb9c1a1,0.0
1091,9f08b993-4529-4826-91d0-b2378f96d154,0.0
1092,d71cb328-6222-4722-83bf-7b14ae608e9f,0.0
1093,fc86f3f0-2c4b-400d-8954-e72a13510a4e,0.0
1094,fe2577b5-9d11-4bd9-b8cb-fc1fbddcac8f,0.0
1095,000720c6-7095-4219-a14b-33e00717d21a,0.0
1096,24babd3d-4e4d-41ab-bb5f-ec3990fb4483,0.0
1097,2d1ab3bb-9c86-46ba-a6f5-fe6c062972dc,0.0
1098,3411e31f-08b9-4b73-8498-92655d6c368b,0.0
1099,384a5632-a900-485d-a276-7c76d8880fe5,0.0
1100,4aea1544-7361-46de-906d-d1c8802ce472,0.0
1101,67a236ff-ba2f-4df7-9af8-13b60f6f6f0e,0.0
1102,82bbe10d-2e88-4b37-8d3d-dc5c742c094d,0.0
1103,cb4ea9f1-d793-49a9-a874-f765710a8f8f,0.0
1104,2bba2cd5-3d5b-4134-952b-d3e1f8d2984e,0.0
1105,457a6a6a-b42c-4f5c-a36c-2e2a9a55c26c,0.0
1106,4c463388-9790-4e80-996b-a506ea8c4314,0.0
1107,55a3606f-f5d3-4df1-9d2f-5c92c08ce552,0.0
1108,65e5a363-48b2-4017-a582-23d8ef316228,0.0
1109,92d0a4de-4b0d-4cf6-ac0b-8eadc022f29c,0.0
1110,b874010b-6406-4999-94b3-3b1af776219d,0.0
1111,0c3cc194-fcb9-4a21-b25f-9c47d56d2d16,0.0
1112,3efb66ec-548c-44c2-9cdc-5a0c6c2051de,0.0
1113,58f0aa61-ede1-46c2-9f37-e3834aef8ca8,0.0
1114,8fcb3e6d-3d8a-42c3-b9f1-4c2ea2883a44,0.0
1115,c474f9f5-ef46-4fd6-877f-75200b813edc,0.0
1116,f3796fad-28bc-48fa-a1dd-298707ea2c05,0.0
1117,f53f18fa-195b-4a3c-9845-95141af34410,0.0
1118,00800b52-4890-4e9b-95ec-4b4a17bc25b4,0.0
1119,6d511ac5-250c-434b-800c-2c3c3130f3e9,0.0
1120,7e5070fc-5c1c-48db-b818-a29aba3843fb,0.0
1121,8166012d-27f1-4d5d-86d7-adfa0c46da1c,0.0
1122,8f1b6a28-128a-4bbd-aaf2-5c71578d5456,0.0
1123,94ff9ce3-f6a7-4ef0-8924-f143407b65dc,0.0
1124,b24dba3b-f036-420f-9985-ed9ee0d2173c,0.0
1125,dcf5b1c9-2c6a-426a-802b-28f66bb10167,0.0
1126,e4a748a8-ccb7-44ba-8993-46f37985f21c,0.0
1127,108172bc-9c7c-4c4f-a9cd-4958cb43689f,0.0
1128,3027bed0-3ceb-49f9-a4d8-eea69c6d55ce,0.0
1129,634419f6-9111-4cf5-bc31-50c75f8446a3,0.0
1130,81260f44-3926-48ee-b476-c52122d4c7db,0.0
1131,c29f5ca4-71a8-4fc0-83bc-23221f9fcfe5,0.0
1132,d26aea6a-dbc8-4e8a-9e0c-48e165d03ae9,0.0
1133,f7021ab7-009c-49d3-a12e-37a86e263a2a,0.0
1134,35456e1f-7a0c-4526-83e2-755ad7739a7c,0.0
1135,3971a19b-c3f2-441c-94ff-abcb36b7ce5d,0.0
1136,4182012c-7e19-4c31-bad1-f40f1e4f26ff,0.0
1137,6d850e65-e1af-4db9-8da1-c44851a4183a,0.0
1138,7eaf9669-ef70-42a9-a77d-fe932c0bd8a3,0.0
1139,c0fafc01-0f90-40fb-ab42-44703644f9b0,0.0
1140,c1641dba-93a6-49f2-8318-fe3e9a318706,0.0
1141,cb2f10d9-51a0-4497-a22e-c75b02769273,0.0
1142,cf028920-3fff-49ee-9b77-7b23a7d3d94d,0.0
1143,d084bd40-3ec3-4a25-a48b-d187abe54605,0.0
1144,e290563f-bece-4566-a513-bb94772ce892,0.0
1145,e483ca60-f833-43df-a9d0-40b973aa0ba9,0.0
1146,29d7bafb-a8a3-4340-94dc-2f2303c3a161,0.0
1147,44fca905-ff45-4e0d-80b4-bd6857f7580f,0.0
1148,4a0be7b8-4f6d-4244-a2d4-f937b50db0ce,0.0
1149,7edcb56b-480a-4ae6-bb91-478b3c5c8b20,0.0
1150,869d4999-0b56-47ff-98f4-9f8cf9eb26b2,0.0
1151,9d86aa05-f788-4996-92f3-bc3c6886284e,0.0
1152,fcce22ed-fe13-4db1-b72a-250b36dab577,0.0
1153,1f86bd3a-7ed8-4ffd-aefe-a1225ea74746,0.0
1154,2facb60e-51cb-4a3c-912a-40cbe7706916,0.0
1155,43c0bf5f-9601-416e-9c50-cb362e14c466,0.0
1156,a97eb72a-d496-4897-ae38-dc64901fe426,1.0
1157,d5ad57b8-d5b1-4cec-8879-60919f1a10cb,0.0
1158,fe73c00b-13a1-4ca1-912b-2d3b44681f8b,0.0
1159,3e657c7f-1cb0-40e9-b0a3-7c1133f3e69d,0.0
1160,59a03a47-ab8d-4918-a6fa-7ff1fd93fab5,0.0
1161,69681c85-d02b-4e0a-8a56-020354c3b07a,0.0
1162,8e417275-3f22-4698-9399-6cbdb4d0a58d,0.0
1163,afb6d3e7-9dff-4f39-9ffd-916d14d02b76,0.0
1164,b5b120ac-a773-4e2c-a90a-fc5597762ae1,0.0
1165,c90bc684-1f23-4353-9174-f33deb8e1c7f,0.0
1166,e638132f-39d3-4f7b-a079-07e2fa12e285,0.0
1167,b31101ff-5c02-41a1-8079-4ca9013f260c,0.0
1168,b44381cb-8ea0-4261-8453-07fefcece9eb,0.0
1169,e320449e-4f9b-4696-9b63-07f1e28cb616,0.0
1170,29cd94c6-36ea-49f3-afb6-f82fdc70b359,0.0
1171,4f043250-3e9f-465f-9be3-e5c37bca084c,0.0
1172,5f69a4b9-ba56-4c86-b3e9-c99ae3138ad9,0.0
1173,7451ac6c-4ad7-4f2e-8d7c-28141dc9a015,0.0
1174,82ecf2e1-9494-49ab-adb6-b40505ff98c8,0.0
1175,af558a03-c23c-4e27-a22e-4edb54f4e180,0.0
1176,bb150e80-12fa-47c2-b4df-ef7a9ad4ab2d,0.0
1177,c43982b3-1fa9-412e-bb54-ccb1d1f0ae4d,0.0
1178,221e1db2-8e8a-472c-824f-3078df626805,0.0
1179,3cfb5e37-6d62-4aa1-b086-0a724ab335ad,0.0
1180,65b7107a-31ca-46c4-bfb6-dd42ef9e9ad0,0.0
1181,87739890-26f4-4561-94f5-e25073b4ec56,0.0
1182,8b9a93dd-f6b7-4e91-9158-7f82815d2ede,0.0
1183,9282c101-d97e-4438-9bd6-18bf30d087cc,0.0
1184,e351bf32-070d-431b-a07d-47a35968dbef,0.0
1185,fefec2b7-d8d0-4404-8258-e1d051ee6b2d,0.0
1186,079b9c81-0e9f-4e8d-8567-aacae33635cd,0.0
1187,4f8487d1-7437-44b2-b720-cb66ed3cf6e3,0.0
1188,54e7a41e-97d8-4878-ae91-88981440f77a,0.0
1189,76fd8a4c-6c0f-41e2-97e5-dee1079bc5ac,0.0
1190,9cfa210d-bdef-4540-958f-025b0a8ad23d,0.0
1191,d6d3018d-acf9-4bb0-9211-1638bd11b66f,0.0
1192,e7eb25a3-9d2a-4568-a615-b4fd438123ef,0.0
1193,0313c220-8e1d-4cf5-a160-925d131df100,0.0
1194,3d84153a-77f3-429b-ac4b-1c609171433c,0.0
1195,7ddb05d7-55cc-4daa-9ac1-da40106186a1,0.0
1196,9d278a3a-5dd2-4b25-84cc-fc57adc3d5ef,0.0
1197,cfc031bc-13f4-4ff2-aa30-90693dde3de7,0.0
1198,12ffff13-9b5c-4ab9-a612-e6ec6ce4b08a,0.0
1199,37a5adef-4138-4bd2-8d05-8f9ef0cf07d1,0.0
1200,6efd3edf-3e16-41cb-a735-2610735f086f,0.0
1201,8d0883af-0922-4af6-a8ca-75d634fbce3f,0.0
1202,a6880ed5-ecdc-44ea-b444-100a1e11864e,0.0
1203,da700d03-23db-4fb7-bd27-7872fabaf302,0.0
1204,f8124321-1e83-40d6-af4e-81b55f73db8d,0.0
1205,47d83ec2-6537-49ed-9250-524b6813697b,0.0
1206,e18d6883-89f4-41bc-8169-88c41adc41f1,0.0
1207,eaed2990-e9f8-4c08-be7b-d54234bd5d77,0.0
1208,5179d177-5f3e-4cea-b93b-6c97f48176ad,0.0
1209,73f3ab99-c67a-4c45-b60d-3baa50081c0c,0.0
1210,8689f201-3656-4c49-b2c7-4640d09cf850,0.0
1211,fd6782b7-c287-4763-9ea4-1f17dd614d72,0.0
1212,174fcea4-206f-4686-b167-c23088358c46,0.0
1213,361a1af4-05a0-4114-ad7e-7b42c3c9cf5a,0.0
1214,3d6537f5-caa2-4830-a56a-e4442621711a,0.0
1215,621b6f26-d3f5-43d3-8824-0fd78715315f,0.0
1216,718b7cf4-e04b-4b8b-8ca2-534fabf8aa01,0.0
1217,76a3f5be-ec1f-402f-8297-b49d4907b0f1,0.0
1218,482503a0-a148-4026-afbc-42809dc64fb4,0.0
1219,61a9a4d2-29a7-40c0-a0e7-c22bcba3bc7c,0.0
1220,6deca4eb-fd3b-43ee-af22-6aa5a489a4fc,0.0
1221,716dc830-7937-40f6-97bc-4ae64bc28c33,0.0
1222,8efb7e79-2fc9-4eea-9d42-0f2e874cefa5,0.0
1223,d5c99c68-ac50-45eb-b1df-acb0d97c340b,0.0
1224,d6134c6e-6c2c-4f31-8dfd-84e1fdbb77c8,0.0
1225,05b1213b-f2df-4838-874d-8705536d78d7,0.0
1226,069ba614-6a16-4a72-8f8d-02f0ce8de424,0.0
1227,391af816-0f90-4ec9-8ddf-c0477beb6bdf,0.0
1228,5e6a94fa-bb6c-46f1-8080-3fc76e3c1a31,0.0
1229,6171b543-93dc-4784-9483-f4c2d2eb87c3,0.0
1230,e549bb01-d0f3-4089-9bdd-c54e368d454f,0.0
1231,ff4ae820-e754-4f0d-86e4-d969200116c1,0.0
1232,50e33c57-83a7-4ced-b4cc-c4b9807a3dff,0.0
1233,729baeeb-6c38-446e-b4c9-5451bf924249,0.0
1234,84c82d2b-a10e-482d-b051-af217d648287,0.0
1235,a1326b1a-31e1-48fe-b76e-158e5072f627,0.0
1236,2c22e0ab-4103-4ba0-8e8a-d7c6ab2fd56f,0.0
1237,5679ee26-3b11-43e7-8ee1-eb5ff311a6f5,0.0
1238,6c96bde9-33aa-4b0e-ad38-eb40c2bee206,0.0
1239,7f6e2cdd-d3fa-4f0e-8845-57cd122d81a0,0.0
1240,ac40333f-c4b1-4cf5-93fe-69eba6c0eeb0,0.0
1241,32fad7b3-1976-46dc-ae8f-03a3bb6940d9,0.0
1242,3d468c9d-f05e-45e5-9f04-11dae3d6e698,0.0
1243,5e23ab9d-f8fd-45a5-98ea-bd1e9ab9c4be,0.0
1244,7df14664-dc2d-4f94-aa1f-94fe6d45bb56,0.0
1245,8202026f-c35b-4dd1-a4a0-7cc47bf0f3e5,0.0
1246,93c4c478-1687-4721-b8ac-2c42ca281a45,0.0
1247,c48bcb4b-2d11-4688-8986-2dd7c25b465c,0.0
1248,39e57f93-607a-49c5-88e5-3aeba2b2848c,0.0
1249,45be1e0a-d278-4bf6-85f0-e778f5e5cd74,0.0
1250,7d5d682f-95af-4ecd-84f0-a725e6aa354c,0.0
1251,7d8240f1-0d98-47aa-a58f-984fd089d36e,0.0
1252,9e69839d-4dca-44f2-93ea-ed9eada8c20d,0.0
1253,aa1bd634-65d9-4be0-badf-845d24bdf274,0.0
1254,b0f70bd1-3f7b-423f-a531-bb2d138beaad,0.0
1255,c87457fe-5472-485a-8645-205024a4ccac,0.0
1256,d0e1d76c-ae3c-4238-950c-bfb6e833b247,0.0
1257,d5dd36d3-409f-41cc-82cb-92450d0cae79,0.0
1258,0d344529-d3b3-4692-9843-831184b3e670,0.0
1259,0ebb16f6-565d-4450-afa9-52faa6d12afe,0.0
1260,4252c0f8-0dde-4153-96e9-74cd053c5ac6,0.0
1261,50ebf848-33f4-4097-8c73-a116cef6c089,0.0
1262,83711ebb-2d05-4d68-b0aa-2d058bf75b93,0.0
1263,bcddbee7-f04f-44f1-b118-c7ae3faabdfe,0.0
1264,1b48a741-f3e2-4a2b-b7a1-cca5c98cdc05,0.0
1265,41664efe-f9ac-4d57-93fd-8b8005655732,0.0
1266,530e1ccd-3966-4a92-a7d4-b54bf274a29c,0.0
1267,899f8f45-5140-4a48-a93e-c8239471709b,0.0
1268,a3afd1df-9dd3-4106-81fe-31649f649c01,0.0
1269,d2bdeb4d-ff15-40e3-a57a-18ff86782ff4,0.0
1270,e36cf790-6605-45c8-b67b-1ff401c10af3,0.0
1271,e49bed30-bad9-4004-b153-f0570ed40e64,0.0
1272,f27d666f-1201-45f4-a27f-383fbdb7ecc1,0.0
1273,ffee0955-47a3-4b27-99a5-a309e1e63beb,0.0
1274,101078d0-fe08-431a-8a60-bc105c893589,0.0
1275,ae701ffb-c376-4a93-a463-2680dd31d946,0.0
1276,e3347784-ef70-41d2-92e3-c38551a72744,0.0
1277,e5a13020-adad-4329-ac0b-86463f3fa0bd,0.0
1278,e7238daf-e2b3-4538-82c5-0dd1462e4639,0.0
1279,f903c1f8-435b-4d75-ba91-1b9ab03114de,0.0
1280,0204875a-9a1c-4f45-84e5-9c8e89807c72,0.0
1281,2e8b0e30-e571-41ac-9dc9-7a45ce24d2bd,0.0
1282,99facd85-1d80-4993-a529-de3737d95ac4,0.0
1283,a014768d-1dc3-4819-a407-b3120d35b79e,0.0
1284,a63fdd1a-2bd4-4d5a-bc3d-dbbf2b06cdac,0.0
1285,a68b1bbd-1849-4d4c-a4df-8a994890feae,0.0
1286,b2aa7095-4dc6-4eed-91e1-9f6a839d92f5,0.0
1287,067b185d-cee6-49ab-b1eb-47a76f8c8edd,0.0
1288,0bfced46-cb7d-423a-9a18-8d2b4cbf625f,0.0
1289,1e1bade9-8352-47b4-9523-896ac61d3334,0.0
1290,2485109d-8d3d-448c-bd21-53e2dab4b76f,0.0
1291,26f9b13e-3e51-4417-9ae4-98857c04f445,0.0
1292,33a2e0f8-e677-4c6b-986e-1ad38807e3de,0.0
1293,7174bcfd-9d74-4ed7-af6d-4808ee4b2559,0.0
1294,8d1286ba-4bfa-409a-8c2d-a4d0df1cd529,0.0
1295,92f3bcdf-0357-46bd-8616-c5d95867a09e,0.0
1296,a1b53911-9288-4bbe-9508-76788d866dc5,0.0
1297,ba468d2e-0b8f-49ad-a79b-e02b1fb81cb4,0.0
1298,ce40e9e7-9465-4c4b-9ec0-00bcafd0804e,0.0
1299,d2dc40f6-1c29-4225-9eec-de1cd7e08184,0.0
1300,ff404e0d-dd7f-48aa-a0c1-5257d97024b8,0.0
1301,0befc125-194b-469e-a302-63e2c9f35a2f,0.0
1302,3017a320-8c20-4a8f-81ff-d0fe1926cf85,0.0
1303,6240cc2f-147c-4eb5-98f8-a912d663b9a9,0.0
1304,6865ce22-f41d-43e5-83fc-8fe1fa350d6c,0.0
1305,9f6699c5-1599-4be0-a936-657b031a4848,0.0
1306,9fc11132-e489-4d2b-b04f-ff63386ad0dd,0.0
1307,a282f88f-ed5c-476f-a1ef-21c23a615af5,0.0
1308,c0bb10e3-1d62-41cf-8c29-02f454b36c66,0.0
1309,ccd491a0-c1de-4a7f-8fff-9eb6e57c970e,0.0
1310,dac28ee8-4313-419f-95fd-746ecb1a1a73,0.0
1311,50d90050-59db-4e79-b122-fe41b366d129,0.0
1312,6aa80483-1c76-4b3b-8315-0a25cc33576c,0.0
1313,8b33f0fc-c0e7-471b-943e-34aa925882c9,0.0
1314,e2559aa4-b234-451d-8713-6419e3b56d5d,0.0
1315,f0da4d7a-7af6-4ffa-b91f-691f2a6707c0,0.0
1316,10a8243c-6ae9-4231-a78e-95e1f57b943a,0.0
1317,35924019-bd23-4eb0-9d9b-8bc4a7122b08,0.0
1318,3734871e-e462-45dd-8b0e-2f57aedb2afa,0.0
1319,87f43621-79be-482a-b787-5fdbb980739e,0.0
1320,c097cdb3-46ca-4700-9648-8aa5c8d4bfe8,0.0
1321,cd530d22-7256-4132-b898-feab22415afc,0.0
1322,d5dabfd3-662a-4223-bc28-807c1c6472e5,0.0
1323,188f17ad-c54a-4893-a875-590d219c2bf6,0.0
1324,25d5777b-5869-4eb6-a5a7-58cb83fdbb4e,0.0
1325,438b5adf-f46b-4f28-b274-c4120883e7e2,0.0
1326,58fddcd9-0ed4-44e9-94fb-031ee72440e4,0.0
1327,5e26ce0d-ef78-4da3-ba12-7c87316f3f5a,0.0
1328,6cf555cf-dcd6-44ae-a46b-25cf7fb33613,0.0
1329,6f59e567-d5f7-475a-859b-c50a2f552443,0.0
1330,863db0d9-ba09-4d81-87c5-46c3dc819b02,0.0
1331,a1102e53-87c6-4989-83a2-0019949ef6f7,0.0
1332,c15ed793-e004-4955-9d27-074d5863aadd,0.0
1333,dd18f3f6-2f34-4958-b774-d6a522a42947,0.0
1334,f90f4b1a-aa2c-4539-a5cc-1ca4b8ac7b05,1.0
1335,0b123598-1d48-446b-be9e-a61362bf910d,0.0
1336,1de91fb5-0cb3-448f-b56c-a711af095d7a,0.0
1337,1e8e6834-e9d2-4497-91cc-414932b8342d,0.0
1338,1ff95cfe-080a-471d-a2ec-ef6d776b4522,0.0
1339,3876f7e1-d7b9-4a7c-8d8b-35434b560031,0.0
1340,6d6a2f8f-7678-4503-b3ca-5692327de151,0.0
1341,7dcb7c41-1f7d-4646-8bad-1e9924ac9e99,0.0
1342,e2271d27-9bd5-4e4c-8577-8c767c75ba7c,0.0
1343,fa5a9c9f-423c-409e-9556-5eb3d7ea6a82,0.0
1344,bacf4239-05d4-4417-90a6-018fff34eb55,0.0
1345,c149062f-bd92-4c44-92af-d5a6fb3cc314,0.0
1346,ecfc5191-fd8a-4bad-a6db-21b46cb87a01,0.0
1347,f10adabb-4249-41d2-a0ba-5b2d8600788f,0.0
1348,206834bf-0b53-4ec4-a0ed-e9043980f379,0.0
1349,60e1506a-370d-4110-8d7d-f7f5cefbe074,0.0
1350,8009c18b-ba86-4d10-ad14-7fbcacabc324,0.0
1351,807ec3d4-7a78-4405-b4ba-ace4f6df4d0c,0.0
1352,a5fca1f8-a763-444a-a2f1-7a0b45b40350,0.0
1353,ede690c9-fcf6-491c-a8ae-0e2f01294ca2,0.0
1354,700f9945-8afc-465e-a422-2d408ce9cea1,0.0
1355,b37b2134-b27b-4aae-bcff-e429e9e0e38e,0.0
1356,bf05efcd-f758-4735-bca1-5c3e7e9fe554,0.0
1357,cb1ee88b-94b5-4522-876e-bf435bba99a3,0.0
1358,dcd2f645-4861-4390-b521-7c6739c1a85d,0.0
1359,ee1ceeda-d333-4832-804a-086f67f6b706,1.0
1360,5047a99d-316f-432a-a077-0f31a51033a0,0.0
1361,50b907ad-971e-4055-932c-ec80453141f9,0.0
1362,9dde3066-eec8-4ea2-8cf9-c3dfb51322f8,0.0
1363,cf86123f-b192-43d3-a380-590acd224803,0.0
1364,0afac624-39fa-4058-b8b0-8705053010d4,0.0
1365,176a2ce2-bf18-448b-a236-e109300e1806,0.0
1366,362202f7-278a-48c0-a81f-0ad501cdcb30,0.0
1367,4bf9c6fa-1c0e-4a5e-9912-787b4b6d87bb,0.0
1368,58ec8f88-5685-4688-9703-5dc8f44a5d24,0.0
1369,7175b46e-b599-4ae7-9068-e4be547b58c8,0.0
1370,865684a4-610c-460d-8064-72543032fe07,0.0
1371,e1eff748-4ae8-4494-bce6-9f00f41a021d,0.0
1372,f648b07e-9e88-45c7-95ac-393b5ea0d34a,0.0
1373,35aa4e76-d365-4c12-a967-b1ef08fd604f,0.0
1374,6dd999f5-249f-4e0f-aea5-b98ab3779c4a,0.0
1375,72254625-5cf9-43a3-9484-7346d721f129,0.0
1376,8ab73c78-c35d-4ca5-8c9a-12627018d47a,0.0
1377,8f5e02c4-35db-49b1-9de1-443e07a07744,0.0
1378,c55553a2-2393-4336-9434-d0cd47db18f2,0.0
1379,c73ffb8f-b90f-4332-8c5f-cd1cf34ede6a,0.0
1380,cfde46ab-3a0d-4966-8b9f-f2346c54b755,0.0
1381,fa339d8b-0516-42fe-a957-9cc99a781065,0.0
1382,069465cb-2015-4d45-b380-7abdeddfa0b5,0.0
1383,07a7d143-74d5-49b1-b991-f425fe828409,0.0
1384,7328b50b-a02f-49f5-8d19-cecaf64a19ef,0.0
1385,87df30c6-32d8-415e-a07e-21c42fe869a6,0.0
1386,ee420f08-b6f7-4e03-8414-a596db893b28,0.0
1387,0d666cf5-95ef-4c5b-99c2-64063428d317,0.0
1388,23cc3a31-19f5-46e9-ae73-657c3cf04c78,1.0
1389,3d8b6f44-4cde-4a71-a0a5-e4abcbdd47c6,0.0
1390,5ed59053-a32a-45fe-9db8-518f70a9c0a8,0.0
1391,6a2921ea-40bc-4c63-9275-97583e5d8290,0.0
1392,708d6dcf-59f5-4c91-a104-b261d1f1e374,0.0
1393,79b9ef55-73a3-4d43-bc2e-747c5d67866f,0.0
1394,7e719dd1-75ba-4cb4-aeba-3c7050b81034,0.0
1395,8193c440-839a-404d-85f3-4d08b63fc570,0.0
1396,a30e1e2c-4518-4ce5-90c2-6d3f6932a8e9,0.0
1397,bfab7274-df3e-4b42-a386-4b97aabaee91,0.0
1398,e0898ae2-f344-4821-a4bc-286d744af11b,0.0
1399,f2de8d1c-8119-4c1d-a1d8-a67dcdd0ded8,0.0
1400,232c4d52-8568-4cca-9f6c-70cf264208d9,0.0
1401,40a3b716-f326-4f9c-bedf-5a3cc136e2fc,0.0
1402,4bcc3234-2c7e-4cd3-a10c-38611646215c,0.0
1403,6044ae7e-b99d-4705-8456-f8243f95599f,0.0
1404,8cc858c2-75a4-454d-ae99-e3c698070012,0.0
1405,8f8cc6e8-27aa-4b70-b76f-71bb903fcc59,0.0
1406,b95f346b-f258-42fe-b8ec-b11200e3ff11,0.0
1407,cfe76731-bb20-4650-9b41-dc2250637f45,0.0
1408,10f90cce-90d9-4ad7-a948-ecd707eb2bf9,0.0
1409,123fb2a2-131c-4408-9d55-9610d209615b,0.0
1410,4ca90238-e90b-4fba-9426-2cda6a8a1fef,0.0
1411,5471bcb9-8c75-495e-8463-3a5530b75da0,0.0
1412,9e05ee73-5d32-427b-9f19-e86e0d7272d2,0.0
1413,f6ef44a3-04ff-412e-94b9-cafe92de7e28,0.0
1414,f9b7aa87-9dd3-4376-b91c-2eb2671d6644,0.0
1415,311ded22-edf2-4f4b-ad39-31e5d3efaf70,0.0
1416,54110ec6-c5d3-45f6-ac32-15b2f041d0b3,0.0
1417,57977883-e6f6-434d-8fee-29660d183e52,0.0
1418,a3903c3c-dbb1-4e5e-979c-c56ec9d7f8df,0.0
1419,b8fb8f42-4e3a-4eae-b99a-e222f5bd4908,0.0
1420,f5986f86-27a3-4fc3-9597-2315b8d1caa3,0.0
1421,f618397e-2a92-4d6f-b716-0871d3dc3dda,0.0
1422,0ae5dea8-b8ac-4800-b802-b58ed235c4fb,0.0
1423,22e31702-1b65-48eb-8ae0-8497241d7cb3,0.0
1424,258aa785-246e-438b-8a24-6309d777cd92,0.0
1425,31d04506-d81d-423d-b5a1-014db16d6c19,0.0
1426,480cf82c-7cec-418d-819e-aeb4cace0bab,0.0
1427,7f28ef48-a30b-406d-a7d5-0e322b4f6ed7,0.0
1428,f746c3a6-363f-4428-ae08-ae9ae2e6e766,0.0
1429,f891611e-7e50-4331-91ed-44f70ec0488e,0.0
1430,1d7d5daf-5dcf-4843-abf2-b94086fc8340,0.0
1431,695850aa-1281-478d-92e2-688f92a032dd,0.0
1432,9080f84e-9d3f-4572-81d3-992e15c907b0,0.0
1433,c7a58d05-ffdf-4ffa-886c-cfd79a5f13d4,0.0
1434,eaf765da-58bb-432f-9d1f-f6b4fc614f41,0.0
1435,ed705794-1cfd-49eb-8549-ad0f473e63b4,0.0
1436,07ea3d0c-98c7-45ec-a5e0-effd5ab7ad42,0.0
1437,13b2b480-d0b7-46a6-8f30-aabd78a08eff,0.0
1438,16e747f8-c14e-4b65-b119-c9ddf6dd9342,0.0
1439,796fa8fe-04ac-4b96-86ba-5e7e4321b657,0.0
1440,bf8d1074-3671-4344-8623-85adfc3c5864,0.0
1441,c16db867-d6d9-412c-b1a0-7ff122e995bc,0.0
1442,dca34e0b-6126-4219-97c1-920d7dbdacb0,0.0
1443,075fe20f-d99c-4032-86cb-1038a93a64d6,0.0
1444,14d55e19-950f-4b73-a324-34316e91affe,0.0
1445,19cf3489-e373-41ac-8570-1976aea28e19,0.0
1446,1a3f44c6-3273-42fe-8599-89dbba07b5c5,0.0
1447,da64ebb6-6ef1-4c7f-a7bc-7be80afc6a68,0.0
1448,258a4ea8-5f43-497f-bacf-4eaf4b1aa9e9,0.0
1449,a42f0821-6310-4b52-930c-effaed82d955,0.0
1450,b9418192-5586-4207-aaa9-6db7e67780b7,0.0
1451,e13bb9ff-c402-4c88-9e7e-697794e3b3a1,0.0
1452,f154cd9e-150e-4aae-818b-e81e0c9c6273,0.0
1453,f3c77224-5f92-4504-8477-b1471f4c7634,0.0
1454,196165ef-e8da-4d25-8dd1-8193201dc049,0.0
1455,5f775b72-ee18-4208-868f-f88ac0425ab5,0.0
1456,e0ccbb15-6c9e-42a4-a3eb-85f26207bd23,0.0
1457,eb59cdd6-0ea2-4e58-b3b2-17a05285b4e0,0.0
1458,ed583cf6-8a08-4907-b34a-8f4f619ed9dc,0.0
1459,057f4704-43d2-4e6d-bb83-787533457f96,0.0
1460,2832e5c2-60bc-45c1-9033-39c5428da88d,0.0
1461,3ef0e752-a9e8-48fc-939e-c04b18a7b1fe,0.0
1462,84a05f8b-1d70-4a6f-8004-1f6d1f68b520,0.0
1463,9793b5ff-aa1c-4793-ba56-08bfac6ef4be,0.0
1464,ac832c7b-7d01-4328-837b-1697b1f4c951,0.0
1465,cbc8f4c4-6292-4a34-895a-5e3ac9a3e19c,0.0
1466,f0ea0ae9-96e3-44cb-a335-a88d781ed9b2,0.0
1467,fda934f2-71bc-4bff-886a-f1b8aac32f81,0.0
1468,4fda0607-8973-4177-94bc-d89261ce893d,0.0
1469,7733cb96-e565-45a7-a539-132914a94ddf,0.0
1470,7cb2bd23-98bb-4aff-8bc0-79c1cb2b8135,0.0
1471,b3bd9957-0cb5-4798-b486-de8910c469c2,0.0
1472,c5a8ba51-923c-4c1a-88bb-261e7c4e918e,0.0
1473,d00b43e1-5c70-4891-9f8b-8fd4231a99be,0.0
1474,f03ed403-61ca-419c-bf1c-8451e6e02d3c,0.0
1475,0aa8f49f-2fd1-4979-b382-1fcc795efa04,0.0
1476,297aecae-b766-4c3c-a76e-ecc25f92b712,0.0
1477,43eb4e39-b4b2-44cb-9fa6-ffc1b78b3b7d,0.0
1478,aeeb0040-5868-4bdc-84c4-e8c354bcca08,0.0
1479,c56dab6c-6a3e-44f6-a6c3-aa03e14403b4,0.0
1480,d874e6af-579f-4a41-bd09-5233c7ae4b1a,0.0
1481,e2d7676a-b60c-4316-bdd7-384d5ea24d41,0.0
1482,2d5a95ea-0140-4936-9885-893a3e183292,0.0
1483,7c2990cd-6a26-4963-a14c-47ecd4f37492,0.0
1484,a47ea2fa-9f27-4bc6-8562-8e68c6e491bc,0.0
1485,a546952b-72fc-4111-81ee-3fc75c392d46,1.0
1486,c8e1bf66-e2d6-44b6-a12f-6d02046134da,0.0
1487,c9ad2881-a324-4cc4-893d-2d3214cab0d5,0.0
1488,dde1dc2e-9e5b-461a-a028-313811e8a1bf,0.0
1489,fcb9da0d-4a6a-4d59-a6a8-3abc8d82e05e,0.0
1490,40fc805e-40ac-4ecd-851f-ebb271fd0237,0.0
1491,6c9d75b5-55d9-43e7-86cc-3b84b214aab2,0.0
1492,748783dd-56e3-4b45-af47-6d2b14620998,0.0
1493,7788d2d8-841f-472d-9cce-f4aec22e2bcb,0.0
